order_id,customer_id,product_id,category,price,discount_pct,order_date,delivery_days,payment_method,is_returned,return_reason
O10000,C2383,P1213,Home Goods,9389.19,15,2025-10-19,5,COD,0,
O10001,C2109,P1220,Home Goods,9608.99,0,2025-08-19,4,wallet,0,
O10002,C2209,P1132,Apparel,3940.27,0,2025-01-10,3,card,0,
O10003,C2114,P1065,Electronics,31126.63,10,2025-11-09,4,wallet,0,
O10004,C2140,P1109,Footwear,2229.49,25,2025-12-24,3,card,0,
O10005,C2319,P1102,Footwear,2653.15,10,2025-01-08,4,UPI,0,
O10006,C2431,P1215,Home Goods,10768.42,5,2025-10-17,4,card,0,
O10007,C2327,P1084,Footwear,2755.01,20,2025-09-25,5,wallet,0,
O10008,C2333,P1077,Footwear,1351.68,0,2026-06-14,4,COD,0,
O10009,C2307,P1104,Footwear,2876.0,15,2025-05-24,1,wallet,0,
O10010,C2151,P1067,Electronics,32475.14,25,2026-02-19,4,wallet,0,
O10011,C2097,P1088,Footwear,4084.74,15,2025-08-16,4,wallet,0,
O10012,C2243,P1172,Home Goods,10862.41,5,2025-11-04,6,COD,0,
O10013,C2049,P1121,Apparel,2582.11,0,2025-09-22,1,wallet,0,
O10014,C2093,P1175,Home Goods,5208.13,25,2025-04-02,4,COD,0,
O10015,C2169,P1096,Footwear,3196.66,0,2025-10-29,6,UPI,1,Wrong size received
O10016,C2443,P1163,Apparel,2431.03,10,2025-03-14,3,card,0,
O10017,C2271,P1077,Footwear,1284.1,5,2025-06-04,4,card,0,
O10018,C2209,P1146,Apparel,2932.85,25,2026-04-14,7,card,1,Color faded after first wash
O10019,C2323,P1046,Electronics,37958.63,0,2025-03-01,7,card,0,
O10020,C2389,P1199,Home Goods,5283.12,0,2025-06-12,1,card,0,
O10021,C2324,P1110,Footwear,1107.93,5,2026-05-04,4,UPI,1,Uncomfortable fit
O10022,C2374,P1096,Footwear,2237.66,30,2025-11-26,4,card,1,Uncomfortable fit
O10023,C2115,P1178,Home Goods,6239.29,25,2025-11-16,1,card,0,
O10024,C2301,P1079,Footwear,5367.11,0,2025-02-16,3,wallet,0,
O10025,C2172,P1112,Footwear,1333.17,25,2025-05-18,6,card,0,
O10026,C2183,P1193,Home Goods,5662.21,0,2026-02-18,6,netbanking,0,
O10027,C2011,P1151,Apparel,1481.44,10,2025-05-07,4,UPI,0,
O10028,C2019,P1097,Footwear,4451.25,25,2025-09-19,4,UPI,1,Wrong size received
O10029,C2334,P1215,Home Goods,11335.18,0,2025-04-29,1,UPI,0,
O10030,C2280,P1065,Electronics,32855.88,5,2025-06-06,5,card,0,
O10031,C2051,P1170,Home Goods,7796.13,10,2025-05-21,7,UPI,0,
O10032,C2261,P1185,Home Goods,6483.49,10,2025-10-17,5,card,0,
O10033,C2134,P1213,Home Goods,9941.5,10,2025-07-26,5,UPI,0,
O10034,C2082,P1011,Electronics,3323.67,10,2025-08-01,3,card,1,Item stopped working after a few days
O10035,C2056,P1214,Home Goods,3412.36,10,2026-05-21,2,card,0,
O10036,C2261,P1020,Electronics,8771.54,15,2025-04-14,7,UPI,0,
O10037,C2135,P1119,Apparel,607.4,0,2025-06-28,2,COD,0,
O10038,C2184,P1206,Home Goods,3795.28,15,2026-03-13,4,COD,1,Missing parts/accessories
O10039,C2339,P1166,Home Goods,7901.54,0,2026-01-02,3,COD,0,
O10040,C2137,P1188,Home Goods,2585.02,0,2025-12-17,5,netbanking,0,
O10041,C2197,P1177,Home Goods,405.96,20,2026-03-08,6,UPI,0,
O10042,C2057,P1034,Electronics,19436.92,15,2025-03-02,8,card,0,
O10043,C2247,P1206,Home Goods,4018.54,10,2026-03-25,4,card,0,
O10044,C2183,P1157,Apparel,2336.07,0,2025-05-14,1,COD,0,
O10045,C2032,P1067,Electronics,36805.16,15,2025-01-13,4,wallet,0,
O10046,C2392,P1191,Home Goods,7454.67,10,2025-08-18,7,card,0,
O10047,C2358,P1159,Apparel,3595.81,0,2025-09-12,4,UPI,0,
O10048,C2328,P1099,Footwear,1879.08,0,2025-02-25,9,UPI,0,
O10049,C2253,P1043,Electronics,16336.83,0,2026-05-19,4,card,0,
O10050,C2142,P1013,Electronics,2922.79,10,2026-01-23,3,UPI,0,
O10051,C2229,P1023,Electronics,31883.75,20,2026-04-03,5,card,0,
O10052,C2381,P1168,Home Goods,3481.16,0,2026-02-18,2,card,0,
O10053,C2309,P1159,Apparel,3236.23,10,2026-06-05,5,UPI,0,
O10054,C2233,P1088,Footwear,4565.3,5,2025-02-25,6,card,0,
O10055,C2307,P1122,Apparel,413.19,15,2026-01-08,1,wallet,1,Fabric quality not as described
O10056,C2001,P1088,Footwear,4565.3,5,2025-10-26,2,card,0,
O10057,C2252,P1036,Electronics,9761.34,20,2026-02-24,3,card,0,
O10058,C2096,P1031,Electronics,28755.55,25,2026-02-07,5,card,0,
O10059,C2387,P1107,Footwear,3960.8,0,2025-05-07,8,COD,0,
O10060,C2337,P1151,Apparel,1152.23,30,2025-05-18,4,wallet,0,
O10061,C2221,P1215,Home Goods,10201.66,10,2026-06-05,4,COD,0,
O10062,C2354,P1149,Apparel,4055.71,0,2025-05-12,7,UPI,0,
O10063,C2196,P1108,Footwear,4756.25,30,2025-09-12,6,card,0,
O10064,C2150,P1116,Footwear,1013.05,20,2025-05-22,1,wallet,0,
O10065,C2359,P1141,Apparel,1205.96,20,2025-08-11,6,card,0,
O10066,C2148,P1176,Home Goods,6682.94,0,2025-05-16,7,netbanking,0,
O10067,C2355,P1164,Home Goods,1719.29,0,2025-04-29,4,COD,0,
O10068,C2298,P1147,Apparel,1722.0,25,2026-03-04,2,UPI,0,
O10069,C2216,P1207,Home Goods,11133.46,0,2025-04-20,1,card,0,
O10070,C2343,P1015,Electronics,896.42,0,2025-06-14,7,card,1,Battery drains too quickly
O10071,C2104,P1193,Home Goods,5095.99,10,2026-01-03,4,COD,1,Changed my mind after purchase
O10072,C2442,P1058,Electronics,37747.7,15,2026-02-03,4,COD,0,
O10073,C2340,P1013,Electronics,2435.65,25,2026-02-01,8,UPI,0,
O10074,C2350,P1081,Footwear,2385.22,30,2025-02-25,6,UPI,0,
O10075,C2445,P1114,Footwear,2134.62,20,2026-01-12,4,COD,0,
O10076,C2308,P1051,Electronics,35019.63,20,2025-07-18,4,wallet,1,Received a different model than ordered
O10077,C2376,P1132,Apparel,3940.27,0,2025-02-11,5,UPI,0,
O10078,C2066,P1042,Electronics,23303.66,10,2025-09-19,6,COD,1,Battery drains too quickly
O10079,C2305,P1014,Electronics,16662.81,20,2025-11-05,4,UPI,0,
O10080,C2183,P1019,Electronics,30787.42,20,2025-11-22,1,UPI,0,
O10081,C2081,P1107,Footwear,3564.72,10,2026-02-18,3,card,0,
O10082,C2109,P1170,Home Goods,8662.37,0,2026-01-05,3,UPI,0,
O10083,C2287,P1211,Home Goods,9877.78,15,2025-01-10,9,card,0,
O10084,C2123,P1165,Home Goods,2411.7,10,2025-09-07,7,card,0,
O10085,C2058,P1099,Footwear,1879.08,0,2025-10-17,3,card,0,
O10086,C2394,P1096,Footwear,2876.99,10,2026-06-05,3,COD,0,
O10087,C2263,P1022,Electronics,23721.31,25,2025-06-21,4,netbanking,0,
O10088,C2273,P1002,Electronics,9686.63,10,2025-08-04,2,COD,0,
O10089,C2053,P1053,Electronics,34277.14,10,2026-03-22,1,UPI,0,
O10090,C2382,P1176,Home Goods,6682.94,0,2026-04-16,4,card,0,
O10091,C2128,P1143,Apparel,1373.32,0,2025-08-22,3,COD,0,
O10092,C2230,P1162,Apparel,2840.32,5,2025-11-20,7,UPI,0,
O10093,C2316,P1017,Electronics,22921.22,15,2025-02-16,4,wallet,1,Did not match product description
O10094,C2054,P1075,Footwear,2568.8,20,2025-11-05,3,COD,0,
O10095,C2420,P1170,Home Goods,8662.37,0,2025-06-10,3,UPI,0,
O10096,C2200,P1204,Home Goods,2725.43,20,2025-10-30,5,wallet,0,
O10097,C2407,P1222,Home Goods,4641.66,15,2026-01-18,4,netbanking,1,Changed my mind after purchase
O10098,C2072,P1032,Electronics,15979.31,0,2026-02-08,1,card,0,
O10099,C2371,P1089,Footwear,3992.31,0,2026-06-09,3,card,0,
O10100,C2315,P1214,Home Goods,3791.51,0,2025-04-28,6,COD,0,
O10101,C2281,P1119,Apparel,546.66,10,2025-03-16,8,card,1,Wrong size ordered
O10102,C2101,P1186,Home Goods,7942.49,10,2025-12-05,2,card,0,
O10103,C2035,P1050,Electronics,6419.79,0,2026-04-07,7,card,0,
O10104,C2355,P1150,Apparel,3328.04,0,2026-01-09,6,card,0,
O10105,C2402,P1057,Electronics,18173.49,15,2026-03-23,1,card,0,
O10106,C2347,P1188,Home Goods,2585.02,0,2026-05-07,2,card,0,
O10107,C2089,P1166,Home Goods,7111.39,10,2025-10-15,4,COD,0,
O10108,C2275,P1051,Electronics,43774.54,0,2025-03-20,3,COD,0,
O10109,C2416,P1149,Apparel,3650.14,10,2025-08-06,1,COD,0,
O10110,C2278,P1139,Apparel,1328.52,5,2025-06-02,3,COD,0,
O10111,C2148,P1035,Electronics,29228.26,5,2026-06-07,5,card,0,
O10112,C2005,P1170,Home Goods,8662.37,0,2025-06-19,4,card,0,
O10113,C2289,P1169,Home Goods,1938.62,25,2025-05-30,3,wallet,0,
O10114,C2183,P1011,Electronics,3692.97,0,2026-05-15,4,card,0,
O10115,C2265,P1203,Home Goods,11579.63,5,2026-04-26,6,COD,0,
O10116,C2020,P1167,Home Goods,12572.95,0,2026-06-18,3,wallet,0,
O10117,C2291,P1045,Electronics,24520.29,5,2026-01-23,3,UPI,0,
O10118,C2427,P1020,Electronics,9287.51,10,2026-01-21,6,UPI,0,
O10119,C2176,P1125,Apparel,474.01,20,2025-01-07,4,UPI,1,Fabric quality not as described
O10120,C2117,P1020,Electronics,9287.51,10,2025-10-15,4,UPI,0,
O10121,C2060,P1170,Home Goods,8662.37,0,2025-12-05,5,wallet,0,
O10122,C2245,P1123,Apparel,1842.26,0,2025-06-15,3,card,1,Changed my mind after purchase
O10123,C2082,P1035,Electronics,27689.93,10,2025-02-10,2,COD,1,Received a different model than ordered
O10124,C2132,P1047,Electronics,32274.31,10,2026-02-20,2,card,0,
O10125,C2338,P1211,Home Goods,11620.92,0,2025-03-29,2,card,0,
O10126,C2241,P1124,Apparel,3641.54,0,2026-02-25,1,COD,0,
O10127,C2337,P1131,Apparel,2453.98,0,2025-12-17,2,COD,0,
O10128,C2035,P1059,Electronics,15296.87,5,2025-05-16,5,COD,0,
O10129,C2214,P1212,Home Goods,2418.87,0,2025-04-09,5,card,0,
O10130,C2307,P1010,Electronics,4951.72,25,2026-06-29,3,UPI,1,Did not match product description
O10131,C2276,P1212,Home Goods,2418.87,0,2026-03-18,4,UPI,0,
O10132,C2022,P1179,Home Goods,8274.56,10,2025-08-23,6,COD,0,
O10133,C2411,P1190,Home Goods,7914.92,25,2025-04-11,3,UPI,0,
O10134,C2392,P1060,Electronics,3663.11,25,2025-03-27,3,UPI,1,Changed my mind after purchase
O10135,C2380,P1203,Home Goods,12189.08,0,2026-06-20,8,card,1,Missing parts/accessories
O10136,C2352,P1206,Home Goods,4465.04,0,2026-01-06,6,UPI,0,
O10137,C2274,P1109,Footwear,2675.39,10,2025-10-10,5,netbanking,0,
O10138,C2104,P1106,Footwear,3180.16,10,2026-05-10,5,UPI,0,
O10139,C2295,P1089,Footwear,3193.85,20,2026-02-12,7,wallet,0,
O10140,C2337,P1031,Electronics,32589.62,15,2026-04-03,5,card,0,
O10141,C2402,P1087,Footwear,3116.18,20,2025-02-23,1,card,0,
O10142,C2002,P1206,Home Goods,4465.04,0,2025-05-29,1,card,0,
O10143,C2189,P1021,Electronics,30872.38,10,2026-01-29,5,COD,0,
O10144,C2335,P1134,Apparel,1343.85,0,2025-02-28,8,UPI,0,
O10145,C2103,P1218,Home Goods,9751.77,15,2026-06-15,3,card,1,Changed my mind after purchase
O10146,C2261,P1133,Apparel,3567.26,15,2025-06-23,3,wallet,0,
O10147,C2044,P1071,Footwear,573.49,20,2025-12-28,2,wallet,0,
O10148,C2102,P1133,Apparel,4196.78,0,2025-03-12,6,wallet,0,
O10149,C2298,P1090,Footwear,5258.52,0,2025-10-11,3,card,0,
O10150,C2232,P1104,Footwear,3045.18,10,2025-09-25,5,UPI,0,
O10151,C2174,P1030,Electronics,8552.5,20,2025-09-21,6,COD,0,
O10152,C2294,P1065,Electronics,29397.37,15,2026-01-22,1,COD,0,
O10153,C2234,P1175,Home Goods,6596.96,5,2025-01-29,3,UPI,0,
O10154,C2195,P1163,Apparel,2160.91,20,2025-08-14,3,card,0,
O10155,C2264,P1138,Apparel,4122.6,0,2025-09-27,3,card,1,Color faded after first wash
O10156,C2038,P1142,Apparel,618.25,25,2026-05-03,3,UPI,1,Fabric quality not as described
O10157,C2255,P1189,Home Goods,7409.81,0,2025-09-05,5,COD,0,
O10158,C2103,P1214,Home Goods,3791.51,0,2025-12-31,5,COD,0,
O10159,C2339,P1127,Apparel,3062.08,10,2025-02-13,5,COD,0,
O10160,C2161,P1127,Apparel,2551.73,25,2025-10-09,1,COD,0,
O10161,C2113,P1193,Home Goods,5095.99,10,2025-02-25,4,UPI,0,
O10162,C2276,P1009,Electronics,25084.17,10,2026-02-08,6,UPI,1,Did not match product description
O10163,C2235,P1081,Footwear,2896.34,15,2025-01-13,1,wallet,0,
O10164,C2051,P1084,Footwear,3271.57,5,2025-09-23,5,card,0,
O10165,C2175,P1094,Footwear,6665.92,0,2026-03-11,6,card,0,
O10166,C2190,P1094,Footwear,5332.74,20,2025-10-14,1,netbanking,0,
O10167,C2416,P1026,Electronics,28319.65,15,2025-08-30,5,UPI,0,
O10168,C2100,P1038,Electronics,33473.42,20,2025-06-03,4,UPI,1,Changed my mind after purchase
O10169,C2264,P1137,Apparel,3185.08,15,2026-05-14,4,card,0,
O10170,C2290,P1013,Electronics,3085.16,5,2025-06-17,8,UPI,0,
O10171,C2230,P1191,Home Goods,8282.97,0,2026-01-05,5,UPI,0,
O10172,C2414,P1066,Electronics,33533.6,0,2026-02-26,7,netbanking,0,
O10173,C2294,P1167,Home Goods,11315.66,10,2025-06-28,7,netbanking,0,
O10174,C2166,P1173,Home Goods,9510.31,10,2026-04-03,6,card,0,
O10175,C2074,P1043,Electronics,14703.15,10,2025-12-12,3,UPI,0,
O10176,C2207,P1218,Home Goods,8604.5,25,2025-03-23,5,card,0,
O10177,C2136,P1155,Apparel,3511.07,10,2025-10-05,5,COD,0,
O10178,C2185,P1192,Home Goods,465.55,10,2026-04-07,3,card,0,
O10179,C2338,P1065,Electronics,25938.85,25,2025-03-23,5,card,0,
O10180,C2048,P1017,Electronics,20224.6,25,2026-04-30,4,UPI,0,
O10181,C2042,P1027,Electronics,14162.62,0,2025-06-09,4,card,0,
O10182,C2199,P1080,Footwear,1234.23,0,2025-10-18,3,UPI,0,
O10183,C2017,P1170,Home Goods,8229.25,5,2025-11-30,4,COD,0,
O10184,C2445,P1139,Apparel,1048.83,25,2026-04-01,8,UPI,0,
O10185,C2233,P1162,Apparel,2541.34,15,2026-03-22,8,UPI,0,
O10186,C2158,P1089,Footwear,3792.69,5,2025-08-21,5,UPI,0,
O10187,C2155,P1003,Electronics,12755.34,0,2025-05-20,2,card,0,
O10188,C2004,P1177,Home Goods,380.59,25,2026-05-04,3,COD,0,
O10189,C2407,P1002,Electronics,9686.63,10,2025-07-13,8,UPI,0,
O10190,C2202,P1064,Electronics,28238.34,0,2026-02-04,5,card,0,
O10191,C2264,P1196,Home Goods,7510.78,20,2025-10-06,3,card,0,
O10192,C2414,P1069,Electronics,2163.89,5,2025-03-12,5,UPI,0,
O10193,C2139,P1180,Home Goods,11619.68,10,2025-07-12,6,card,0,
O10194,C2273,P1006,Electronics,30424.83,0,2025-04-15,4,UPI,1,Item stopped working after a few days
O10195,C2077,P1004,Electronics,37965.86,5,2025-12-17,5,UPI,0,
O10196,C2255,P1096,Footwear,3036.83,5,2025-02-02,2,netbanking,1,Color different from photos
O10197,C2036,P1140,Apparel,1581.47,5,2025-07-16,8,COD,0,
O10198,C2195,P1213,Home Goods,11046.11,0,2025-09-12,1,card,0,
O10199,C2101,P1118,Apparel,1849.77,15,2025-04-07,8,UPI,0,
O10200,C2242,P1100,Footwear,4816.68,15,2025-11-16,5,wallet,0,
O10201,C2281,P1134,Apparel,1343.85,0,2026-05-08,3,UPI,0,
O10202,C2026,P1222,Home Goods,4641.66,15,2025-04-26,4,card,0,
O10203,C2299,P1031,Electronics,36423.69,5,2025-09-06,6,card,1,Changed my mind after purchase
O10204,C2243,P1177,Home Goods,456.7,10,2026-01-16,4,UPI,0,
O10205,C2173,P1195,Home Goods,1807.39,10,2025-03-03,2,UPI,0,
O10206,C2274,P1203,Home Goods,12189.08,0,2026-05-15,5,COD,0,
O10207,C2412,P1113,Footwear,4031.57,15,2025-01-22,10,wallet,0,
O10208,C2068,P1065,Electronics,25938.85,25,2026-05-12,3,UPI,0,
O10209,C2290,P1048,Electronics,3772.74,10,2025-11-28,1,wallet,0,
O10210,C2425,P1154,Apparel,3052.54,25,2025-06-14,5,card,0,
O10211,C2187,P1117,Apparel,436.62,0,2026-06-03,5,UPI,0,
O10212,C2009,P1159,Apparel,2876.65,20,2025-09-02,4,netbanking,0,
O10213,C2097,P1135,Apparel,1334.08,15,2025-06-07,5,UPI,0,
O10214,C2328,P1083,Footwear,4326.28,0,2026-06-20,4,COD,1,Wrong size received
O10215,C2103,P1028,Electronics,19745.39,5,2025-04-12,3,card,0,
O10216,C2198,P1169,Home Goods,2455.58,5,2025-09-20,5,wallet,1,Missing parts/accessories
O10217,C2335,P1126,Apparel,2610.18,25,2025-03-23,4,UPI,0,
O10218,C2184,P1143,Apparel,1167.32,15,2026-03-02,6,card,0,
O10219,C2270,P1011,Electronics,3139.02,15,2025-11-08,1,card,0,
O10220,C2265,P1025,Electronics,2528.23,0,2025-08-25,3,UPI,0,
O10221,C2320,P1046,Electronics,34162.77,10,2026-03-02,4,wallet,0,
O10222,C2295,P1092,Footwear,1807.29,15,2026-03-14,5,card,0,
O10223,C2172,P1169,Home Goods,2584.82,0,2026-03-30,3,COD,0,
O10224,C2281,P1084,Footwear,2755.01,20,2026-02-27,4,wallet,0,
O10225,C2288,P1140,Apparel,1664.71,0,2025-09-18,2,UPI,0,
O10226,C2203,P1001,Electronics,11245.78,15,2025-10-19,2,netbanking,0,
O10227,C2153,P1057,Electronics,21380.58,0,2025-11-19,2,card,0,
O10228,C2353,P1211,Home Goods,11620.92,0,2026-06-08,1,card,1,Doesn't work as advertised
O10229,C2079,P1036,Electronics,12201.67,0,2025-09-13,2,card,0,
O10230,C2047,P1147,Apparel,2181.2,5,2025-08-11,4,COD,0,
O10231,C2422,P1177,Home Goods,431.33,15,2025-04-08,1,UPI,0,
O10232,C2374,P1207,Home Goods,10020.11,10,2025-03-22,5,card,0,
O10233,C2222,P1107,Footwear,2970.6,25,2025-05-04,1,COD,1,Sole started peeling within a week
O10234,C2005,P1163,Apparel,2160.91,20,2026-01-27,7,card,0,
O10235,C2167,P1129,Apparel,2169.12,15,2025-06-06,5,card,0,
O10236,C2201,P1115,Footwear,2148.24,15,2026-06-01,6,COD,1,Material quality lower than expected
O10237,C2042,P1122,Apparel,437.5,10,2025-02-20,5,UPI,0,
O10238,C2204,P1129,Apparel,2424.3,5,2025-05-14,4,card,0,
O10239,C2292,P1051,Electronics,39397.09,10,2026-06-21,1,card,1,Item arrived with a cracked screen
O10240,C2165,P1176,Home Goods,5012.2,25,2025-04-02,6,UPI,0,
O10241,C2176,P1153,Apparel,1890.26,15,2025-11-09,5,card,0,
O10242,C2420,P1206,Home Goods,4241.79,5,2025-05-30,1,card,0,
O10243,C2079,P1194,Home Goods,10263.34,15,2025-03-29,6,card,1,Changed my mind after purchase
O10244,C2075,P1214,Home Goods,3033.21,20,2025-01-15,2,card,0,
O10245,C2169,P1054,Electronics,34521.28,15,2025-08-05,7,card,0,
O10246,C2132,P1141,Apparel,1432.08,5,2025-05-25,3,UPI,0,
O10247,C2269,P1012,Electronics,31036.8,0,2025-03-03,1,card,0,
O10248,C2316,P1070,Electronics,30756.15,0,2025-01-09,7,wallet,0,
O10249,C2184,P1222,Home Goods,5460.78,0,2025-10-27,5,COD,0,
O10250,C2118,P1098,Footwear,1981.05,10,2025-04-12,6,UPI,1,Uncomfortable fit
O10251,C2256,P1118,Apparel,1958.58,10,2025-01-23,3,card,0,
O10252,C2156,P1086,Footwear,5179.41,5,2025-06-10,7,UPI,0,
O10253,C2256,P1071,Footwear,573.49,20,2025-09-21,4,COD,0,
O10254,C2417,P1008,Electronics,10548.91,25,2025-10-14,4,UPI,1,Changed my mind after purchase
O10255,C2195,P1134,Apparel,940.69,30,2025-08-21,6,UPI,0,
O10256,C2218,P1080,Footwear,925.67,25,2025-12-04,3,wallet,0,
O10257,C2350,P1205,Home Goods,11080.01,0,2025-05-22,4,card,0,
O10258,C2268,P1035,Electronics,29228.26,5,2025-05-29,2,card,1,Did not match product description
O10259,C2368,P1031,Electronics,38340.73,0,2025-05-30,2,wallet,0,
O10260,C2211,P1106,Footwear,3533.51,0,2025-10-08,5,card,1,Sole started peeling within a week
O10261,C2315,P1069,Electronics,2050.0,10,2025-08-25,5,UPI,0,
O10262,C2013,P1092,Footwear,2126.22,0,2026-05-04,7,UPI,0,
O10263,C2094,P1219,Home Goods,9329.83,5,2026-05-01,7,card,0,
O10264,C2016,P1105,Footwear,4232.4,15,2025-01-16,9,card,0,
O10265,C2103,P1194,Home Goods,12074.52,0,2025-07-01,2,COD,0,
O10266,C2443,P1158,Apparel,2039.17,5,2025-11-29,7,UPI,0,
O10267,C2311,P1189,Home Goods,5927.85,20,2025-11-17,1,UPI,0,
O10268,C2292,P1153,Apparel,2001.45,10,2025-02-09,2,COD,1,Fabric quality not as described
O10269,C2265,P1138,Apparel,3916.47,5,2025-02-10,4,UPI,0,
O10270,C2322,P1013,Electronics,3247.54,0,2026-03-27,2,COD,0,
O10271,C2216,P1076,Footwear,4850.92,10,2025-02-25,5,wallet,0,
O10272,C2237,P1213,Home Goods,9941.5,10,2025-04-03,4,COD,0,
O10273,C2356,P1140,Apparel,1664.71,0,2026-02-28,3,card,1,Item didn't fit as expected
O10274,C2302,P1183,Home Goods,5326.93,25,2026-04-11,6,UPI,0,
O10275,C2083,P1184,Home Goods,847.31,15,2025-04-04,5,card,0,
O10276,C2185,P1022,Electronics,28465.57,10,2026-01-29,3,UPI,1,Did not match product description
O10277,C2194,P1012,Electronics,26381.28,15,2025-12-10,1,UPI,0,
O10278,C2076,P1042,Electronics,20714.37,20,2025-07-03,4,card,0,
O10279,C2228,P1074,Footwear,4168.98,10,2025-05-01,3,COD,0,
O10280,C2001,P1160,Apparel,4065.4,15,2025-01-13,1,UPI,1,Item didn't fit as expected
O10281,C2121,P1056,Electronics,11956.84,10,2026-05-03,5,UPI,0,
O10282,C2307,P1154,Apparel,4070.05,0,2025-10-12,2,COD,1,Fabric quality not as described
O10283,C2028,P1168,Home Goods,3481.16,0,2025-05-29,2,COD,0,
O10284,C2429,P1155,Apparel,3901.19,0,2025-03-31,6,card,0,
O10285,C2312,P1170,Home Goods,7363.01,15,2025-07-01,5,netbanking,0,
O10286,C2184,P1010,Electronics,6602.29,0,2025-11-03,2,COD,0,
O10287,C2431,P1141,Apparel,1507.45,0,2026-04-28,8,card,0,
O10288,C2140,P1085,Footwear,5765.68,10,2026-06-22,4,card,0,
O10289,C2322,P1136,Apparel,3429.53,30,2026-05-11,5,wallet,0,
O10290,C2403,P1181,Home Goods,2249.16,0,2025-11-21,4,UPI,0,
O10291,C2314,P1145,Apparel,2797.02,5,2026-05-25,7,UPI,0,
O10292,C2312,P1060,Electronics,4151.53,15,2025-07-18,4,UPI,1,Received a different model than ordered
O10293,C2409,P1158,Apparel,1502.54,30,2026-02-28,4,card,0,
O10294,C2412,P1164,Home Goods,1719.29,0,2025-07-26,3,card,0,
O10295,C2281,P1083,Footwear,3677.34,15,2025-04-27,2,wallet,0,
O10296,C2370,P1146,Apparel,3519.41,10,2025-01-30,5,COD,0,
O10297,C2245,P1122,Apparel,388.89,20,2025-05-20,3,UPI,0,
O10298,C2442,P1138,Apparel,3091.95,25,2026-04-19,4,wallet,0,
O10299,C2153,P1145,Apparel,2502.6,15,2025-11-20,2,UPI,1,Changed my mind after purchase
O10300,C2350,P1085,Footwear,5125.05,20,2025-12-29,5,COD,0,
O10301,C2192,P1161,Apparel,2218.24,10,2025-06-19,5,UPI,0,
O10302,C2304,P1030,Electronics,8552.5,20,2025-11-12,3,card,0,
O10303,C2254,P1061,Electronics,25060.0,5,2025-11-06,2,card,0,
O10304,C2057,P1096,Footwear,2557.33,20,2025-07-26,6,card,0,
O10305,C2256,P1040,Electronics,35812.79,0,2026-05-11,3,wallet,0,
O10306,C2397,P1084,Footwear,3443.76,0,2025-04-11,6,wallet,1,Wrong size received
O10307,C2235,P1100,Footwear,4816.68,15,2026-06-19,1,card,0,
O10308,C2022,P1176,Home Goods,5346.35,20,2025-03-31,2,card,0,
O10309,C2381,P1080,Footwear,1234.23,0,2025-11-16,8,UPI,1,Uncomfortable fit
O10310,C2098,P1074,Footwear,4632.2,0,2025-11-23,4,card,0,
O10311,C2058,P1004,Electronics,27974.84,30,2026-06-11,1,card,0,
O10312,C2281,P1082,Footwear,2766.17,0,2025-10-18,3,card,0,
O10313,C2276,P1114,Footwear,2668.27,0,2025-01-30,3,UPI,0,
O10314,C2054,P1099,Footwear,1879.08,0,2026-03-13,1,COD,0,
O10315,C2353,P1180,Home Goods,12265.21,5,2025-12-31,6,card,0,
O10316,C2365,P1195,Home Goods,1706.98,15,2025-03-22,8,UPI,1,Stopped working after light use
O10317,C2049,P1117,Apparel,436.62,0,2026-04-22,3,UPI,0,
O10318,C2073,P1221,Home Goods,8617.99,25,2025-09-22,6,wallet,0,
O10319,C2403,P1221,Home Goods,8617.99,25,2026-04-10,3,UPI,1,Item arrived damaged
O10320,C2179,P1123,Apparel,1750.15,5,2025-06-24,4,UPI,0,
O10321,C2207,P1210,Home Goods,3810.52,15,2025-04-20,6,card,0,
O10322,C2405,P1078,Footwear,4108.06,10,2026-02-15,3,card,0,
O10323,C2246,P1099,Footwear,1879.08,0,2025-08-02,3,COD,0,
O10324,C2401,P1112,Footwear,1599.8,10,2025-12-17,2,wallet,1,Sole started peeling within a week
O10325,C2428,P1125,Apparel,592.51,0,2026-04-20,4,card,1,Item didn't fit as expected
O10326,C2090,P1079,Footwear,3756.98,30,2025-03-13,1,UPI,0,
O10327,C2167,P1127,Apparel,3062.08,10,2025-03-04,2,card,0,
O10328,C2297,P1194,Home Goods,10867.07,10,2025-01-01,4,UPI,0,
O10329,C2315,P1148,Apparel,2692.6,5,2025-07-30,1,wallet,0,
O10330,C2291,P1204,Home Goods,2555.09,25,2025-11-08,9,wallet,0,
O10331,C2045,P1150,Apparel,3328.04,0,2026-06-07,1,UPI,1,Color faded after first wash
O10332,C2031,P1095,Footwear,4521.09,25,2025-02-24,7,netbanking,1,Material quality lower than expected
O10333,C2443,P1008,Electronics,14065.21,0,2026-02-08,4,UPI,0,
O10334,C2207,P1098,Footwear,2091.11,5,2025-08-05,3,card,0,
O10335,C2184,P1216,Home Goods,980.83,5,2025-10-23,2,netbanking,0,
O10336,C2068,P1003,Electronics,12755.34,0,2025-01-17,7,wallet,0,
O10337,C2069,P1022,Electronics,31628.41,0,2026-03-02,8,COD,0,
O10338,C2356,P1155,Apparel,2925.89,25,2025-07-04,2,COD,0,
O10339,C2115,P1048,Electronics,3982.33,5,2025-01-08,5,UPI,0,
O10340,C2121,P1183,Home Goods,6392.32,10,2026-02-25,7,card,1,Stopped working after light use
O10341,C2360,P1095,Footwear,6028.12,0,2026-05-09,3,netbanking,1,Sole started peeling within a week
O10342,C2439,P1193,Home Goods,4529.77,20,2026-04-22,1,UPI,0,
O10343,C2322,P1190,Home Goods,8970.25,15,2025-03-21,4,wallet,0,
O10344,C2296,P1080,Footwear,1110.81,10,2025-12-18,4,UPI,0,
O10345,C2293,P1188,Home Goods,2585.02,0,2025-12-28,4,netbanking,0,
O10346,C2148,P1043,Electronics,16336.83,0,2025-11-08,4,card,0,
O10347,C2086,P1147,Apparel,2296.0,0,2025-10-26,1,COD,0,
O10348,C2146,P1125,Apparel,592.51,0,2026-06-02,7,card,0,
O10349,C2140,P1220,Home Goods,9608.99,0,2025-04-25,6,UPI,0,
O10350,C2378,P1039,Electronics,13789.25,15,2026-01-14,5,wallet,0,
O10351,C2409,P1136,Apparel,3919.46,20,2025-12-18,2,netbanking,0,
O10352,C2304,P1211,Home Goods,11620.92,0,2026-05-23,4,UPI,0,
O10353,C2371,P1164,Home Goods,1719.29,0,2025-12-20,2,card,0,
O10354,C2419,P1030,Electronics,10690.62,0,2026-04-21,3,wallet,0,
O10355,C2272,P1060,Electronics,4639.94,5,2026-02-04,5,UPI,1,Item arrived with a cracked screen
O10356,C2006,P1074,Footwear,3474.15,25,2026-04-05,3,UPI,0,
O10357,C2049,P1137,Apparel,3372.43,10,2026-03-19,5,UPI,0,
O10358,C2139,P1086,Footwear,5452.01,0,2025-04-11,4,UPI,0,
O10359,C2123,P1188,Home Goods,2197.27,15,2025-07-19,7,UPI,0,
O10360,C2092,P1081,Footwear,3066.71,10,2025-01-09,4,card,1,Color different from photos
O10361,C2179,P1057,Electronics,18173.49,15,2025-09-15,4,card,1,Item stopped working after a few days
O10362,C2029,P1153,Apparel,1890.26,15,2025-08-11,7,wallet,1,Changed my mind after purchase
O10363,C2066,P1097,Footwear,5044.75,15,2025-07-09,3,COD,0,
O10364,C2129,P1076,Footwear,5120.41,5,2025-03-19,1,card,0,
O10365,C2341,P1198,Home Goods,10370.82,20,2025-09-21,1,card,1,Item arrived damaged
O10366,C2195,P1100,Footwear,5666.68,0,2025-03-03,4,card,1,Uncomfortable fit
O10367,C2312,P1101,Footwear,5589.0,0,2026-05-19,8,card,0,
O10368,C2220,P1056,Electronics,11956.84,10,2025-04-19,7,card,1,Did not match product description
O10369,C2372,P1065,Electronics,27668.11,20,2025-01-20,2,COD,1,Changed my mind after purchase
O10370,C2000,P1010,Electronics,5611.95,15,2025-09-30,5,UPI,1,Changed my mind after purchase
O10371,C2394,P1126,Apparel,3306.23,5,2026-02-18,6,COD,0,
O10372,C2402,P1018,Electronics,38511.57,10,2025-01-04,1,COD,1,Did not match product description
O10373,C2183,P1086,Footwear,4634.21,15,2026-02-15,6,card,0,
O10374,C2331,P1024,Electronics,1775.2,5,2025-12-15,6,COD,0,
O10375,C2090,P1142,Apparel,824.33,0,2026-01-29,5,wallet,0,
O10376,C2199,P1028,Electronics,18706.16,10,2026-01-03,1,UPI,1,Item stopped working after a few days
O10377,C2098,P1007,Electronics,33762.72,15,2025-09-02,4,UPI,1,Did not match product description
O10378,C2329,P1079,Footwear,5098.75,5,2026-04-06,4,card,0,
O10379,C2369,P1011,Electronics,3508.32,5,2025-08-05,4,COD,0,
O10380,C2234,P1174,Home Goods,8502.82,25,2025-06-02,4,card,0,
O10381,C2250,P1168,Home Goods,3481.16,0,2025-02-16,2,card,0,
O10382,C2007,P1045,Electronics,23229.75,10,2025-11-11,4,UPI,0,
O10383,C2032,P1210,Home Goods,3586.37,20,2025-04-27,3,UPI,0,
O10384,C2112,P1017,Electronics,21572.91,20,2026-03-13,2,wallet,0,
O10385,C2061,P1176,Home Goods,6014.65,10,2025-05-21,8,card,0,
O10386,C2109,P1196,Home Goods,9388.47,0,2025-06-27,3,card,0,
O10387,C2356,P1095,Footwear,5425.31,10,2026-03-26,5,card,0,
O10388,C2068,P1026,Electronics,26653.79,20,2026-01-21,4,UPI,1,Received a different model than ordered
O10389,C2045,P1181,Home Goods,1911.79,15,2025-10-18,4,UPI,0,
O10390,C2395,P1122,Apparel,413.19,15,2025-07-31,5,UPI,0,
O10391,C2089,P1157,Apparel,1985.66,15,2025-07-04,5,wallet,0,
O10392,C2045,P1161,Apparel,1971.77,20,2025-11-05,4,card,1,Changed my mind after purchase
O10393,C2048,P1159,Apparel,3416.02,5,2026-06-04,4,card,0,
O10394,C2337,P1054,Electronics,40613.27,0,2025-07-18,5,COD,0,
O10395,C2254,P1046,Electronics,37958.63,0,2025-02-14,5,card,0,
O10396,C2107,P1112,Footwear,1777.56,0,2026-04-10,7,COD,1,Wrong size received
O10397,C2248,P1132,Apparel,3940.27,0,2025-08-29,5,wallet,0,
O10398,C2166,P1108,Footwear,6794.64,0,2025-11-30,4,card,0,
O10399,C2211,P1052,Electronics,18293.51,5,2025-08-14,5,card,0,
O10400,C2027,P1112,Footwear,1777.56,0,2026-04-11,5,UPI,0,
O10401,C2183,P1070,Electronics,30756.15,0,2025-05-11,6,card,0,
O10402,C2143,P1035,Electronics,30766.59,0,2026-04-22,3,card,0,
O10403,C2309,P1041,Electronics,18513.32,20,2025-06-24,4,UPI,0,
O10404,C2117,P1023,Electronics,37861.96,5,2026-06-19,1,UPI,0,
O10405,C2142,P1004,Electronics,33969.45,15,2025-09-10,4,card,0,
O10406,C2113,P1152,Apparel,2635.02,25,2025-01-06,3,netbanking,0,
O10407,C2258,P1009,Electronics,26477.73,5,2026-02-08,4,UPI,0,
O10408,C2420,P1026,Electronics,31651.38,5,2025-09-04,7,wallet,0,
O10409,C2111,P1034,Electronics,21723.62,5,2025-09-02,6,UPI,1,Item arrived with a cracked screen
O10410,C2342,P1079,Footwear,5367.11,0,2026-04-16,6,card,0,
O10411,C2395,P1036,Electronics,9151.25,25,2026-02-20,1,card,0,
O10412,C2320,P1119,Apparel,516.29,15,2025-01-02,5,COD,0,
O10413,C2016,P1076,Footwear,5120.41,5,2025-10-04,3,wallet,0,
O10414,C2294,P1204,Home Goods,3406.79,0,2025-03-24,3,COD,0,
O10415,C2345,P1094,Footwear,4999.44,25,2025-04-24,3,UPI,0,
O10416,C2020,P1094,Footwear,6332.62,5,2025-03-10,1,card,0,
O10417,C2276,P1030,Electronics,9621.56,10,2025-08-03,3,COD,0,
O10418,C2164,P1091,Footwear,2304.06,25,2026-05-31,3,card,0,
O10419,C2248,P1129,Apparel,2296.71,10,2025-05-06,2,UPI,0,
O10420,C2422,P1137,Apparel,2810.36,25,2026-04-08,1,COD,0,
O10421,C2033,P1049,Electronics,27851.65,25,2026-04-14,1,card,0,
O10422,C2091,P1074,Footwear,3242.54,30,2025-03-20,5,wallet,0,
O10423,C2447,P1053,Electronics,34277.14,10,2025-01-24,5,card,0,
O10424,C2277,P1034,Electronics,21723.62,5,2026-03-07,1,card,1,Received a different model than ordered
O10425,C2427,P1134,Apparel,1209.46,10,2026-02-26,5,UPI,0,
O10426,C2402,P1084,Footwear,3271.57,5,2026-06-27,5,card,1,Material quality lower than expected
O10427,C2087,P1203,Home Goods,12189.08,0,2026-05-11,2,UPI,0,
O10428,C2432,P1013,Electronics,3247.54,0,2025-10-19,3,COD,0,
O10429,C2146,P1047,Electronics,25102.24,30,2025-06-07,4,card,1,Battery drains too quickly
O10430,C2294,P1033,Electronics,36523.4,5,2026-01-14,5,card,0,
O10431,C2176,P1038,Electronics,39749.69,5,2025-06-16,7,UPI,1,Item stopped working after a few days
O10432,C2207,P1128,Apparel,3420.08,15,2026-04-15,5,netbanking,0,
O10433,C2259,P1085,Footwear,5765.68,10,2025-10-30,3,UPI,0,
O10434,C2386,P1147,Apparel,1951.6,15,2026-03-29,3,UPI,1,Changed my mind after purchase
O10435,C2059,P1079,Footwear,5367.11,0,2025-08-14,5,UPI,1,Wrong size received
O10436,C2311,P1165,Home Goods,2679.67,0,2026-06-24,5,card,1,Changed my mind after purchase
O10437,C2434,P1115,Footwear,2148.24,15,2025-03-31,9,netbanking,0,
O10438,C2251,P1082,Footwear,2489.55,10,2026-06-08,9,UPI,1,Color different from photos
O10439,C2189,P1099,Footwear,1785.13,5,2025-10-19,2,card,0,
O10440,C2228,P1144,Apparel,2757.96,0,2026-03-31,4,UPI,0,
O10441,C2372,P1109,Footwear,2526.75,15,2026-03-01,2,card,0,
O10442,C2044,P1037,Electronics,22203.96,0,2026-05-02,7,card,0,
O10443,C2302,P1194,Home Goods,11470.79,5,2025-01-07,4,UPI,0,
O10444,C2212,P1045,Electronics,23229.75,10,2025-05-21,5,card,0,
O10445,C2421,P1212,Home Goods,2418.87,0,2025-11-08,8,UPI,0,
O10446,C2114,P1007,Electronics,31776.68,20,2025-06-07,4,COD,0,
O10447,C2334,P1171,Home Goods,5677.22,25,2026-03-04,9,card,0,
O10448,C2330,P1063,Electronics,11520.7,0,2025-10-11,1,UPI,0,
O10449,C2246,P1145,Apparel,2797.02,5,2025-09-22,4,UPI,0,
O10450,C2355,P1210,Home Goods,4482.96,0,2026-06-09,4,card,0,
O10451,C2074,P1082,Footwear,2627.86,5,2025-05-19,4,UPI,1,Material quality lower than expected
O10452,C2214,P1163,Apparel,2025.86,25,2025-12-31,6,UPI,1,Fabric quality not as described
O10453,C2392,P1161,Apparel,2464.71,0,2025-04-07,5,UPI,0,
O10454,C2165,P1081,Footwear,2725.97,20,2025-11-05,4,UPI,0,
O10455,C2180,P1211,Home Goods,11620.92,0,2025-05-21,7,UPI,0,
O10456,C2248,P1106,Footwear,3533.51,0,2025-06-16,5,card,0,
O10457,C2286,P1158,Apparel,1824.52,15,2026-06-23,5,COD,0,
O10458,C2359,P1194,Home Goods,9659.62,20,2026-03-04,3,COD,0,
O10459,C2245,P1090,Footwear,5258.52,0,2026-01-07,4,card,0,
O10460,C2305,P1134,Apparel,1142.27,15,2025-12-17,5,wallet,1,Fabric quality not as described
O10461,C2438,P1178,Home Goods,8319.05,0,2025-08-21,6,card,0,
O10462,C2040,P1109,Footwear,2526.75,15,2025-04-25,7,COD,1,Wrong size received
O10463,C2016,P1204,Home Goods,2895.77,15,2025-03-02,6,UPI,0,
O10464,C2022,P1017,Electronics,26966.14,0,2025-01-11,4,COD,1,Received a different model than ordered
O10465,C2094,P1172,Home Goods,10862.41,5,2025-04-03,1,card,0,
O10466,C2142,P1149,Apparel,4055.71,0,2025-06-14,6,UPI,0,
O10467,C2034,P1026,Electronics,26653.79,20,2025-01-15,1,UPI,0,
O10468,C2144,P1044,Electronics,6875.83,25,2025-01-05,5,card,0,
O10469,C2362,P1122,Apparel,461.8,5,2025-07-09,4,UPI,0,
O10470,C2092,P1214,Home Goods,3601.93,5,2026-01-24,2,UPI,0,
O10471,C2160,P1032,Electronics,15180.34,5,2026-06-17,5,card,0,
O10472,C2360,P1074,Footwear,4168.98,10,2025-02-11,6,UPI,0,
O10473,C2376,P1080,Footwear,1049.1,15,2026-03-31,5,card,0,
O10474,C2437,P1110,Footwear,1166.24,0,2025-03-13,7,COD,0,
O10475,C2006,P1173,Home Goods,10038.66,5,2025-04-18,2,UPI,0,
O10476,C2346,P1022,Electronics,31628.41,0,2026-02-09,2,card,0,
O10477,C2086,P1017,Electronics,25617.83,5,2025-07-23,6,card,0,
O10478,C2206,P1032,Electronics,15979.31,0,2026-03-11,4,wallet,0,
O10479,C2139,P1194,Home Goods,9659.62,20,2026-02-14,2,UPI,0,
O10480,C2207,P1125,Apparel,533.26,10,2025-05-31,4,card,0,
O10481,C2321,P1035,Electronics,30766.59,0,2025-02-24,3,COD,0,
O10482,C2013,P1046,Electronics,36060.7,5,2025-12-01,6,card,1,Did not match product description
O10483,C2392,P1127,Apparel,2721.85,20,2025-07-26,7,card,0,
O10484,C2258,P1067,Electronics,38970.17,10,2025-01-19,5,UPI,0,
O10485,C2196,P1116,Footwear,1266.31,0,2026-01-21,4,UPI,1,Uncomfortable fit
O10486,C2285,P1169,Home Goods,2067.86,20,2025-11-07,5,UPI,0,
O10487,C2199,P1125,Apparel,503.63,15,2026-05-18,3,wallet,0,
O10488,C2292,P1121,Apparel,2453.0,5,2025-06-10,2,UPI,0,
O10489,C2315,P1174,Home Goods,10770.24,5,2025-10-19,4,card,1,Item arrived damaged
O10490,C2065,P1215,Home Goods,10768.42,5,2025-01-28,4,UPI,0,
O10491,C2182,P1106,Footwear,3356.83,5,2025-09-08,1,card,0,
O10492,C2303,P1022,Electronics,23721.31,25,2025-03-09,5,card,0,
O10493,C2019,P1118,Apparel,1849.77,15,2026-03-09,3,UPI,0,
O10494,C2136,P1006,Electronics,25861.11,15,2025-01-23,6,UPI,0,
O10495,C2413,P1126,Apparel,3480.24,0,2025-07-30,4,card,0,
O10496,C2391,P1171,Home Goods,7569.63,0,2025-11-03,2,UPI,0,
O10497,C2403,P1020,Electronics,8255.57,20,2025-08-08,6,card,1,Did not match product description
O10498,C2205,P1206,Home Goods,4465.04,0,2025-04-05,3,UPI,0,
O10499,C2290,P1206,Home Goods,4018.54,10,2026-03-14,1,card,0,
O10500,C2333,P1211,Home Goods,11620.92,0,2025-11-04,1,card,0,
O10501,C2319,P1132,Apparel,3743.26,5,2025-07-04,5,COD,0,
O10502,C2264,P1221,Home Goods,11490.66,0,2026-05-27,5,wallet,0,
O10503,C2326,P1137,Apparel,2997.72,20,2026-03-21,9,COD,0,
O10504,C2030,P1134,Apparel,1343.85,0,2026-04-19,5,wallet,0,
O10505,C2222,P1106,Footwear,3533.51,0,2025-03-07,5,UPI,0,
O10506,C2136,P1211,Home Goods,11620.92,0,2025-06-14,4,UPI,0,
O10507,C2098,P1008,Electronics,14065.21,0,2025-11-14,7,UPI,0,
O10508,C2223,P1109,Footwear,2675.39,10,2025-02-07,5,card,0,
O10509,C2142,P1169,Home Goods,2326.34,10,2025-02-13,6,netbanking,0,
O10510,C2010,P1015,Electronics,717.14,20,2025-03-27,3,card,0,
O10511,C2186,P1172,Home Goods,9719.0,15,2025-04-03,6,UPI,0,
O10512,C2431,P1036,Electronics,12201.67,0,2026-05-28,6,COD,0,
O10513,C2268,P1065,Electronics,32855.88,5,2025-04-03,3,card,1,Battery drains too quickly
O10514,C2168,P1214,Home Goods,3412.36,10,2026-02-04,5,COD,0,
O10515,C2054,P1045,Electronics,25810.83,0,2025-10-09,1,UPI,0,
O10516,C2301,P1015,Electronics,851.6,5,2026-01-19,4,UPI,0,
O10517,C2126,P1072,Footwear,1123.18,25,2025-05-29,3,UPI,0,
O10518,C2420,P1079,Footwear,5367.11,0,2025-02-05,6,COD,0,
O10519,C2403,P1172,Home Goods,11434.12,0,2026-01-29,1,card,0,
O10520,C2185,P1208,Home Goods,7183.63,15,2025-08-31,5,COD,0,
O10521,C2130,P1078,Footwear,4564.51,0,2025-08-30,2,card,0,
O10522,C2082,P1113,Footwear,4268.72,10,2026-02-21,4,card,0,
O10523,C2251,P1121,Apparel,2194.79,15,2025-12-07,2,wallet,0,
O10524,C2419,P1026,Electronics,26653.79,20,2025-09-25,2,UPI,0,
O10525,C2377,P1084,Footwear,3271.57,5,2025-01-29,4,COD,0,
O10526,C2094,P1162,Apparel,2840.32,5,2025-05-20,5,card,0,
O10527,C2056,P1041,Electronics,23141.65,0,2025-05-14,4,COD,0,
O10528,C2405,P1082,Footwear,2627.86,5,2025-05-17,4,COD,0,
O10529,C2101,P1022,Electronics,30046.99,5,2025-07-06,7,UPI,0,
O10530,C2427,P1147,Apparel,2296.0,0,2025-01-24,7,UPI,0,
O10531,C2236,P1051,Electronics,43774.54,0,2025-06-22,3,card,0,
O10532,C2307,P1067,Electronics,43300.19,0,2026-01-12,5,card,0,
O10533,C2395,P1117,Apparel,349.3,20,2026-05-22,6,card,0,
O10534,C2097,P1221,Home Goods,9192.53,20,2025-09-30,3,card,0,
O10535,C2307,P1056,Electronics,9299.77,30,2025-10-17,6,wallet,1,Received a different model than ordered
O10536,C2209,P1203,Home Goods,12189.08,0,2025-10-25,6,UPI,0,
O10537,C2298,P1176,Home Goods,6014.65,10,2025-03-29,4,card,0,
O10538,C2165,P1178,Home Goods,7903.1,5,2025-08-06,3,wallet,0,
O10539,C2048,P1143,Apparel,1373.32,0,2025-12-07,1,COD,0,
O10540,C2181,P1156,Apparel,341.83,25,2025-02-16,7,UPI,0,
O10541,C2343,P1095,Footwear,6028.12,0,2025-02-12,4,UPI,0,
O10542,C2257,P1127,Apparel,2551.73,25,2026-04-25,5,UPI,1,Wrong size ordered
O10543,C2160,P1012,Electronics,21725.76,30,2026-05-27,5,COD,0,
O10544,C2382,P1093,Footwear,3931.84,25,2025-10-17,5,COD,0,
O10545,C2264,P1081,Footwear,3237.09,5,2025-06-18,3,card,0,
O10546,C2391,P1039,Electronics,14600.39,10,2026-03-27,5,card,1,Battery drains too quickly
O10547,C2083,P1181,Home Goods,2136.7,5,2025-04-29,4,netbanking,0,
O10548,C2020,P1114,Footwear,2534.86,5,2026-05-12,3,wallet,0,
O10549,C2178,P1024,Electronics,1868.63,0,2025-10-18,4,card,0,
O10550,C2260,P1211,Home Goods,11620.92,0,2025-08-06,1,UPI,0,
O10551,C2213,P1020,Electronics,10319.46,0,2026-05-26,1,wallet,0,
O10552,C2013,P1073,Footwear,3046.97,15,2025-05-05,2,netbanking,0,
O10553,C2078,P1008,Electronics,14065.21,0,2026-05-07,6,UPI,0,
O10554,C2304,P1169,Home Goods,2584.82,0,2025-02-14,1,card,0,
O10555,C2375,P1205,Home Goods,9972.01,10,2025-08-05,1,COD,0,
O10556,C2144,P1083,Footwear,3461.02,20,2025-03-14,1,card,0,
O10557,C2122,P1198,Home Goods,10370.82,20,2025-04-02,3,card,0,
O10558,C2198,P1200,Home Goods,5366.45,5,2025-06-07,6,UPI,0,
O10559,C2158,P1176,Home Goods,6014.65,10,2026-01-03,6,wallet,0,
O10560,C2262,P1052,Electronics,18293.51,5,2026-02-02,1,UPI,0,
O10561,C2415,P1095,Footwear,5425.31,10,2026-03-21,4,UPI,1,Sole started peeling within a week
O10562,C2174,P1119,Apparel,516.29,15,2025-06-08,6,UPI,1,Item didn't fit as expected
O10563,C2223,P1021,Electronics,25726.98,25,2026-05-05,3,card,0,
O10564,C2350,P1077,Footwear,1081.34,20,2026-06-20,1,UPI,0,
O10565,C2262,P1028,Electronics,18706.16,10,2026-02-27,5,card,0,
O10566,C2291,P1209,Home Goods,5744.67,0,2025-09-18,1,card,0,
O10567,C2236,P1046,Electronics,30366.9,20,2026-02-07,2,card,0,
O10568,C2360,P1077,Footwear,1351.68,0,2026-04-11,4,COD,0,
O10569,C2446,P1208,Home Goods,8451.33,0,2025-07-09,2,card,0,
O10570,C2132,P1173,Home Goods,10567.01,0,2025-01-19,5,card,0,
O10571,C2354,P1104,Footwear,2706.82,20,2026-05-14,4,card,0,
O10572,C2315,P1093,Footwear,4456.08,15,2026-02-09,4,card,0,
O10573,C2417,P1005,Electronics,18439.19,15,2025-07-12,3,COD,1,Changed my mind after purchase
O10574,C2074,P1167,Home Goods,12572.95,0,2025-07-15,7,card,0,
O10575,C2059,P1043,Electronics,12252.62,25,2026-04-01,6,netbanking,0,
O10576,C2440,P1116,Footwear,1139.68,10,2025-07-26,3,UPI,0,
O10577,C2052,P1162,Apparel,2391.85,20,2026-03-19,8,netbanking,0,
O10578,C2377,P1149,Apparel,3650.14,10,2025-10-25,6,UPI,0,
O10579,C2347,P1210,Home Goods,3586.37,20,2025-08-26,5,wallet,0,
O10580,C2216,P1148,Apparel,2834.32,0,2025-03-07,4,COD,1,Changed my mind after purchase
O10581,C2330,P1089,Footwear,3792.69,5,2026-03-23,7,card,0,
O10582,C2098,P1121,Apparel,2582.11,0,2025-08-26,1,wallet,0,
O10583,C2436,P1216,Home Goods,877.58,15,2026-04-25,4,card,0,
O10584,C2364,P1100,Footwear,3966.68,30,2026-01-04,5,COD,0,
O10585,C2144,P1177,Home Goods,431.33,15,2026-05-10,1,card,0,
O10586,C2310,P1126,Apparel,3480.24,0,2026-03-02,6,card,0,
O10587,C2009,P1092,Footwear,1594.66,25,2026-01-01,3,wallet,1,Sole started peeling within a week
O10588,C2016,P1207,Home Goods,11133.46,0,2026-03-17,5,UPI,0,
O10589,C2174,P1201,Home Goods,9759.3,5,2025-02-17,5,COD,0,
O10590,C2077,P1219,Home Goods,8347.74,15,2026-06-12,3,card,0,
O10591,C2409,P1118,Apparel,1523.34,30,2025-04-24,3,netbanking,0,
O10592,C2312,P1201,Home Goods,8218.36,20,2025-04-15,4,card,0,
O10593,C2445,P1053,Electronics,28564.28,25,2025-06-10,3,wallet,0,
O10594,C2390,P1130,Apparel,4120.41,5,2025-04-12,5,COD,1,Fabric quality not as described
O10595,C2224,P1107,Footwear,3366.68,15,2025-01-07,6,card,0,
O10596,C2174,P1074,Footwear,4168.98,10,2025-03-29,4,UPI,0,
O10597,C2125,P1039,Electronics,13789.25,15,2026-06-27,7,UPI,0,
O10598,C2410,P1110,Footwear,1107.93,5,2026-02-24,8,UPI,0,
O10599,C2015,P1114,Footwear,2668.27,0,2025-01-11,1,wallet,0,
O10600,C2035,P1022,Electronics,31628.41,0,2026-02-16,5,card,0,
O10601,C2338,P1165,Home Goods,2679.67,0,2025-03-01,4,netbanking,0,
O10602,C2409,P1170,Home Goods,6496.78,25,2025-10-30,1,wallet,0,
O10603,C2369,P1191,Home Goods,8282.97,0,2025-12-19,6,card,0,
O10604,C2270,P1157,Apparel,1752.05,25,2026-02-18,3,UPI,0,
O10605,C2333,P1114,Footwear,2268.03,15,2026-02-19,4,COD,0,
O10606,C2043,P1010,Electronics,5942.06,10,2026-02-04,3,card,0,
O10607,C2145,P1055,Electronics,42954.92,0,2025-11-16,1,UPI,0,
O10608,C2081,P1006,Electronics,30424.83,0,2025-09-22,4,wallet,0,
O10609,C2056,P1188,Home Goods,2585.02,0,2026-01-17,8,card,0,
O10610,C2063,P1013,Electronics,2760.41,15,2025-05-08,1,card,0,
O10611,C2120,P1207,Home Goods,9463.44,15,2025-08-28,5,UPI,0,
O10612,C2401,P1209,Home Goods,4882.97,15,2025-05-24,3,card,0,
O10613,C2298,P1050,Electronics,5135.83,20,2026-01-05,1,UPI,1,Item arrived with a cracked screen
O10614,C2424,P1106,Footwear,3533.51,0,2025-03-05,3,card,1,Sole started peeling within a week
O10615,C2206,P1151,Apparel,1481.44,10,2026-02-09,5,COD,0,
O10616,C2325,P1109,Footwear,2080.86,30,2026-05-17,4,card,0,
O10617,C2248,P1183,Home Goods,6747.45,5,2026-06-10,2,COD,1,Missing parts/accessories
O10618,C2233,P1122,Apparel,486.11,0,2025-06-10,6,netbanking,0,
O10619,C2209,P1029,Electronics,45272.91,0,2025-10-24,3,card,1,Battery drains too quickly
O10620,C2156,P1096,Footwear,3196.66,0,2026-05-13,5,COD,0,
O10621,C2156,P1073,Footwear,3584.67,0,2026-05-16,4,card,0,
O10622,C2034,P1012,Electronics,29484.96,5,2025-11-14,1,COD,0,
O10623,C2368,P1214,Home Goods,3412.36,10,2025-05-22,2,UPI,0,
O10624,C2230,P1171,Home Goods,7191.15,5,2025-11-30,7,UPI,0,
O10625,C2202,P1087,Footwear,3505.7,10,2026-03-30,6,wallet,0,
O10626,C2443,P1043,Electronics,13886.31,15,2025-11-13,3,UPI,0,
O10627,C2316,P1139,Apparel,1258.6,10,2025-02-24,4,netbanking,0,
O10628,C2384,P1122,Apparel,437.5,10,2025-01-20,8,card,1,Fabric quality not as described
O10629,C2125,P1213,Home Goods,9389.19,15,2026-03-31,8,card,0,
O10630,C2164,P1103,Footwear,5171.61,10,2026-05-19,4,UPI,0,
O10631,C2440,P1136,Apparel,4899.33,0,2025-09-21,4,card,0,
O10632,C2277,P1044,Electronics,9167.77,0,2025-07-07,4,card,0,
O10633,C2086,P1016,Electronics,2758.89,10,2025-11-30,5,card,0,
O10634,C2152,P1100,Footwear,5666.68,0,2025-05-26,2,UPI,0,
O10635,C2061,P1014,Electronics,20828.51,0,2025-08-31,5,UPI,0,
O10636,C2197,P1030,Electronics,10690.62,0,2025-11-22,2,UPI,0,
O10637,C2119,P1005,Electronics,21693.16,0,2025-04-14,4,card,0,
O10638,C2402,P1033,Electronics,38445.68,0,2026-02-21,1,UPI,0,
O10639,C2072,P1096,Footwear,2876.99,10,2025-06-22,5,COD,0,
O10640,C2216,P1143,Apparel,1304.65,5,2025-01-02,6,UPI,0,
O10641,C2085,P1001,Electronics,13230.33,0,2026-05-09,1,card,0,
O10642,C2348,P1098,Footwear,1540.82,30,2025-08-06,2,card,0,
O10643,C2288,P1018,Electronics,42790.63,0,2026-02-09,3,wallet,0,
O10644,C2371,P1143,Apparel,961.32,30,2026-03-19,5,COD,0,
O10645,C2175,P1163,Apparel,2701.14,0,2026-04-09,7,card,0,
O10646,C2164,P1088,Footwear,4805.58,0,2025-12-03,7,UPI,1,Color different from photos
O10647,C2002,P1003,Electronics,10842.04,15,2026-02-28,4,UPI,0,
O10648,C2250,P1196,Home Goods,8919.05,5,2025-03-25,5,card,1,Stopped working after light use
O10649,C2344,P1032,Electronics,15180.34,5,2026-01-21,1,COD,0,
O10650,C2090,P1215,Home Goods,9634.9,15,2025-01-09,5,card,1,Item arrived damaged
O10651,C2388,P1072,Footwear,1272.94,15,2026-01-02,5,card,0,
O10652,C2320,P1078,Footwear,3651.61,20,2025-08-15,4,UPI,0,
O10653,C2360,P1181,Home Goods,2024.24,10,2025-01-08,7,card,0,
O10654,C2202,P1029,Electronics,36218.33,20,2026-05-28,1,wallet,0,
O10655,C2349,P1155,Apparel,3511.07,10,2025-03-08,4,UPI,0,
O10656,C2065,P1067,Electronics,32475.14,25,2025-08-22,7,card,0,
O10657,C2011,P1178,Home Goods,7071.19,15,2025-09-16,2,wallet,0,
O10658,C2001,P1110,Footwear,1049.62,10,2025-02-23,5,COD,0,
O10659,C2062,P1175,Home Goods,6249.75,10,2026-05-23,2,UPI,0,
O10660,C2369,P1058,Electronics,44409.06,0,2026-03-07,2,UPI,0,
O10661,C2292,P1207,Home Goods,11133.46,0,2025-08-20,4,netbanking,0,
O10662,C2038,P1064,Electronics,28238.34,0,2025-12-04,3,card,0,
O10663,C2413,P1007,Electronics,35748.76,10,2025-12-09,7,COD,0,
O10664,C2242,P1062,Electronics,29073.57,30,2025-02-25,5,card,1,Did not match product description
O10665,C2317,P1113,Footwear,4031.57,15,2026-04-03,2,UPI,1,Wrong size received
O10666,C2017,P1097,Footwear,5935.0,0,2025-03-08,4,COD,1,Sole started peeling within a week
O10667,C2320,P1111,Footwear,6668.14,0,2025-02-27,3,UPI,0,
O10668,C2195,P1103,Footwear,5746.23,0,2026-02-25,4,wallet,1,Color different from photos
O10669,C2237,P1204,Home Goods,3236.45,5,2025-04-14,7,card,0,
O10670,C2400,P1007,Electronics,37734.81,5,2025-12-03,3,card,0,
O10671,C2303,P1203,Home Goods,9751.26,20,2025-05-10,3,UPI,0,
O10672,C2215,P1124,Apparel,3095.31,15,2026-04-01,4,card,1,Changed my mind after purchase
O10673,C2223,P1132,Apparel,2758.19,30,2026-01-02,5,card,0,
O10674,C2397,P1038,Electronics,41841.78,0,2025-11-13,3,netbanking,0,
O10675,C2336,P1174,Home Goods,11337.09,0,2025-09-01,3,UPI,0,
O10676,C2439,P1014,Electronics,19787.08,5,2025-07-20,7,card,1,Received a different model than ordered
O10677,C2341,P1122,Apparel,413.19,15,2026-04-24,4,UPI,0,
O10678,C2296,P1145,Apparel,2060.96,30,2025-11-03,3,UPI,0,
O10679,C2021,P1127,Apparel,3402.31,0,2025-01-04,5,UPI,0,
O10680,C2238,P1160,Apparel,4782.82,0,2026-05-08,3,card,0,
O10681,C2105,P1103,Footwear,5746.23,0,2025-01-07,1,UPI,1,Wrong size received
O10682,C2284,P1030,Electronics,10690.62,0,2026-03-27,5,COD,1,Item stopped working after a few days
O10683,C2101,P1051,Electronics,43774.54,0,2025-08-13,7,COD,0,
O10684,C2173,P1217,Home Goods,9297.79,10,2025-07-02,4,card,0,
O10685,C2425,P1174,Home Goods,11337.09,0,2025-04-24,5,card,0,
O10686,C2233,P1062,Electronics,39456.99,5,2026-01-17,1,netbanking,0,
O10687,C2222,P1183,Home Goods,7102.58,0,2025-05-28,1,COD,0,
O10688,C2097,P1050,Electronics,5777.81,10,2026-01-19,3,UPI,0,
O10689,C2390,P1158,Apparel,1931.84,10,2025-10-29,6,COD,0,
O10690,C2027,P1162,Apparel,2391.85,20,2025-05-10,7,COD,1,Wrong size ordered
O10691,C2401,P1121,Apparel,2065.69,20,2025-03-08,1,card,0,
O10692,C2330,P1193,Home Goods,5095.99,10,2026-05-26,3,wallet,0,
O10693,C2247,P1184,Home Goods,697.79,30,2026-05-01,4,card,0,
O10694,C2404,P1150,Apparel,2995.24,10,2025-08-01,4,COD,0,
O10695,C2156,P1109,Footwear,2229.49,25,2025-06-10,5,COD,0,
O10696,C2281,P1022,Electronics,31628.41,0,2025-03-28,3,card,1,Did not match product description
O10697,C2318,P1087,Footwear,3700.46,5,2026-04-24,7,UPI,0,
O10698,C2254,P1082,Footwear,2766.17,0,2025-01-26,5,UPI,0,
O10699,C2042,P1076,Footwear,4311.93,20,2026-06-10,5,UPI,1,Material quality lower than expected
O10700,C2116,P1026,Electronics,33317.24,0,2026-01-04,5,card,0,
O10701,C2154,P1191,Home Goods,6626.38,20,2025-10-09,4,card,0,
O10702,C2070,P1219,Home Goods,8347.74,15,2025-09-25,6,COD,0,
O10703,C2206,P1104,Footwear,2706.82,20,2025-01-13,4,UPI,0,
O10704,C2389,P1039,Electronics,12978.12,20,2025-08-22,5,UPI,0,
O10705,C2402,P1142,Apparel,700.68,15,2026-04-18,8,card,1,Fabric quality not as described
O10706,C2219,P1198,Home Goods,9722.64,25,2026-03-04,5,UPI,0,
O10707,C2295,P1033,Electronics,38445.68,0,2025-01-10,6,UPI,0,
O10708,C2181,P1087,Footwear,3895.22,0,2026-03-12,3,COD,0,
O10709,C2166,P1151,Apparel,1646.04,0,2025-02-02,2,COD,1,Color faded after first wash
O10710,C2290,P1162,Apparel,2391.85,20,2026-02-05,5,UPI,0,
O10711,C2096,P1122,Apparel,486.11,0,2026-04-08,4,UPI,0,
O10712,C2087,P1027,Electronics,12038.23,15,2025-07-01,7,UPI,0,
O10713,C2035,P1099,Footwear,1879.08,0,2025-08-27,5,card,0,
O10714,C2232,P1015,Electronics,851.6,5,2025-01-12,6,UPI,1,Item stopped working after a few days
O10715,C2066,P1138,Apparel,3916.47,5,2025-03-12,8,UPI,0,
O10716,C2105,P1034,Electronics,17150.23,25,2025-11-14,1,UPI,0,
O10717,C2158,P1151,Apparel,1646.04,0,2026-04-15,5,card,1,Fabric quality not as described
O10718,C2228,P1017,Electronics,21572.91,20,2025-09-10,1,COD,0,
O10719,C2294,P1011,Electronics,3139.02,15,2025-10-22,3,UPI,0,
O10720,C2177,P1180,Home Goods,10328.6,20,2025-11-01,1,COD,0,
O10721,C2091,P1159,Apparel,3056.44,15,2026-04-14,7,UPI,0,
O10722,C2357,P1146,Apparel,3910.46,0,2025-02-14,4,card,0,
O10723,C2149,P1171,Home Goods,5677.22,25,2025-08-11,8,COD,0,
O10724,C2390,P1142,Apparel,824.33,0,2026-01-13,5,COD,0,
O10725,C2230,P1043,Electronics,16336.83,0,2026-06-03,4,card,1,Changed my mind after purchase
O10726,C2355,P1173,Home Goods,8981.96,15,2026-01-26,3,card,1,Doesn't work as advertised
O10727,C2058,P1182,Home Goods,7677.09,25,2025-12-01,6,wallet,0,
O10728,C2236,P1018,Electronics,42790.63,0,2025-09-06,3,UPI,0,
O10729,C2082,P1044,Electronics,7334.22,20,2025-04-13,2,card,1,Changed my mind after purchase
O10730,C2200,P1044,Electronics,9167.77,0,2025-01-12,3,UPI,0,
O10731,C2017,P1173,Home Goods,9510.31,10,2026-03-29,3,wallet,0,
O10732,C2415,P1134,Apparel,1209.46,10,2025-04-16,3,card,1,Item didn't fit as expected
O10733,C2392,P1052,Electronics,14442.25,25,2026-01-19,5,COD,1,Item stopped working after a few days
O10734,C2215,P1008,Electronics,9845.65,30,2025-12-12,5,card,0,
O10735,C2049,P1205,Home Goods,8864.01,20,2025-06-21,1,wallet,1,Changed my mind after purchase
O10736,C2055,P1209,Home Goods,5744.67,0,2025-07-14,1,UPI,0,
O10737,C2118,P1055,Electronics,42954.92,0,2025-11-28,1,card,0,
O10738,C2161,P1004,Electronics,37965.86,5,2026-04-15,5,card,0,
O10739,C2022,P1018,Electronics,32092.97,25,2026-02-25,7,card,0,
O10740,C2052,P1183,Home Goods,6392.32,10,2025-06-25,4,card,0,
O10741,C2198,P1174,Home Goods,8502.82,25,2025-05-17,5,card,0,
O10742,C2352,P1082,Footwear,1936.32,30,2026-05-09,4,COD,0,
O10743,C2261,P1164,Home Goods,1461.4,15,2026-05-31,4,UPI,0,
O10744,C2119,P1006,Electronics,27382.35,10,2025-05-08,3,COD,0,
O10745,C2030,P1036,Electronics,11591.59,5,2025-10-31,7,card,0,
O10746,C2328,P1010,Electronics,6602.29,0,2026-03-31,4,card,0,
O10747,C2389,P1011,Electronics,3323.67,10,2026-03-01,2,UPI,0,
O10748,C2012,P1059,Electronics,12881.58,20,2025-12-06,3,card,0,
O10749,C2127,P1206,Home Goods,3795.28,15,2025-08-16,5,UPI,0,
O10750,C2164,P1047,Electronics,34067.33,5,2025-01-07,6,netbanking,1,Received a different model than ordered
O10751,C2104,P1033,Electronics,38445.68,0,2025-07-29,5,card,1,Changed my mind after purchase
O10752,C2239,P1080,Footwear,1234.23,0,2025-07-22,4,card,0,
O10753,C2229,P1163,Apparel,2701.14,0,2026-05-08,5,card,0,
O10754,C2203,P1097,Footwear,5935.0,0,2026-03-28,1,UPI,0,
O10755,C2406,P1124,Apparel,3641.54,0,2026-01-26,5,UPI,1,Color faded after first wash
O10756,C2304,P1138,Apparel,4122.6,0,2025-06-29,4,UPI,0,
O10757,C2310,P1124,Apparel,3641.54,0,2025-05-20,6,wallet,0,
O10758,C2097,P1002,Electronics,10762.92,0,2026-05-28,4,UPI,0,
O10759,C2202,P1191,Home Goods,7868.82,5,2026-05-17,2,card,0,
O10760,C2036,P1105,Footwear,3734.47,25,2025-05-08,2,card,0,
O10761,C2130,P1198,Home Goods,9722.64,25,2025-12-23,6,UPI,0,
O10762,C2352,P1095,Footwear,5123.9,15,2026-01-30,7,card,1,Material quality lower than expected
O10763,C2323,P1181,Home Goods,1911.79,15,2025-06-01,2,card,0,
O10764,C2348,P1038,Electronics,41841.78,0,2025-06-15,8,UPI,0,
O10765,C2203,P1181,Home Goods,2024.24,10,2025-03-24,4,UPI,0,
O10766,C2216,P1043,Electronics,13069.46,20,2025-09-16,3,UPI,0,
O10767,C2300,P1079,Footwear,4562.04,15,2025-04-02,2,card,0,
O10768,C2408,P1089,Footwear,3193.85,20,2025-10-03,4,UPI,0,
O10769,C2086,P1209,Home Goods,5457.44,5,2025-04-10,1,card,0,
O10770,C2268,P1107,Footwear,3366.68,15,2026-03-18,5,wallet,0,
O10771,C2093,P1129,Apparel,1913.93,25,2026-04-07,6,UPI,0,
O10772,C2102,P1016,Electronics,2605.62,15,2025-07-16,4,UPI,0,
O10773,C2319,P1028,Electronics,16627.7,20,2025-06-20,9,card,1,Item stopped working after a few days
O10774,C2141,P1017,Electronics,26966.14,0,2025-08-29,1,card,1,Item stopped working after a few days
O10775,C2340,P1150,Apparel,2662.43,20,2025-02-12,4,card,0,
O10776,C2003,P1097,Footwear,5341.5,10,2025-09-30,6,card,0,
O10777,C2189,P1175,Home Goods,5208.13,25,2025-11-19,3,COD,0,
O10778,C2340,P1103,Footwear,5458.92,5,2025-02-28,8,COD,1,Color different from photos
O10779,C2371,P1214,Home Goods,2843.63,25,2025-05-23,3,card,1,Changed my mind after purchase
O10780,C2143,P1180,Home Goods,10974.14,15,2025-09-12,2,wallet,0,
O10781,C2211,P1170,Home Goods,8662.37,0,2025-11-26,6,card,0,
O10782,C2023,P1207,Home Goods,9463.44,15,2026-03-31,4,wallet,0,
O10783,C2178,P1110,Footwear,874.68,25,2026-05-03,7,netbanking,0,
O10784,C2051,P1188,Home Goods,2455.77,5,2025-07-19,3,COD,0,
O10785,C2366,P1130,Apparel,4337.27,0,2026-05-25,1,COD,0,
O10786,C2344,P1141,Apparel,1055.21,30,2026-04-24,5,card,0,
O10787,C2123,P1063,Electronics,11520.7,0,2025-04-02,6,card,0,
O10788,C2014,P1042,Electronics,19419.72,25,2025-12-01,7,card,0,
O10789,C2243,P1172,Home Goods,11434.12,0,2025-05-20,2,COD,0,
O10790,C2251,P1024,Electronics,1494.9,20,2025-12-07,8,COD,0,
O10791,C2329,P1088,Footwear,4565.3,5,2026-01-26,1,wallet,0,
O10792,C2438,P1112,Footwear,1422.05,20,2025-08-17,4,card,0,
O10793,C2303,P1049,Electronics,31565.21,15,2025-04-29,6,UPI,1,Battery drains too quickly
O10794,C2194,P1148,Apparel,2409.17,15,2025-11-15,7,COD,0,
O10795,C2163,P1198,Home Goods,12315.34,5,2025-05-10,5,UPI,0,
O10796,C2113,P1028,Electronics,19745.39,5,2026-04-17,2,card,0,
O10797,C2348,P1117,Apparel,436.62,0,2025-10-18,8,card,0,
O10798,C2410,P1212,Home Goods,2056.04,15,2025-11-24,2,card,0,
O10799,C2361,P1147,Apparel,2181.2,5,2025-08-09,10,UPI,0,
O10800,C2192,P1016,Electronics,2145.8,30,2025-12-08,6,COD,0,
O10801,C2115,P1180,Home Goods,10974.14,15,2025-07-03,7,COD,0,
O10802,C2153,P1209,Home Goods,4882.97,15,2025-06-13,7,card,0,
O10803,C2178,P1194,Home Goods,11470.79,5,2025-03-15,4,UPI,0,
O10804,C2356,P1050,Electronics,5456.82,15,2026-02-08,6,COD,0,
O10805,C2027,P1218,Home Goods,8604.5,25,2025-11-08,5,UPI,0,
O10806,C2070,P1114,Footwear,2268.03,15,2025-10-26,5,COD,0,
O10807,C2333,P1003,Electronics,12117.57,5,2025-04-15,3,wallet,0,
O10808,C2075,P1097,Footwear,4154.5,30,2026-03-14,3,card,0,
O10809,C2242,P1046,Electronics,28468.97,25,2025-05-01,3,netbanking,0,
O10810,C2303,P1112,Footwear,1244.29,30,2026-02-18,4,UPI,0,
O10811,C2305,P1045,Electronics,21939.21,15,2026-01-20,5,COD,0,
O10812,C2343,P1169,Home Goods,2584.82,0,2026-04-20,6,card,0,
O10813,C2188,P1003,Electronics,12755.34,0,2025-03-26,2,card,0,
O10814,C2260,P1058,Electronics,44409.06,0,2026-05-07,3,COD,1,Item arrived with a cracked screen
O10815,C2330,P1180,Home Goods,12265.21,5,2025-05-09,8,card,1,Changed my mind after purchase
O10816,C2094,P1104,Footwear,2706.82,20,2025-01-21,1,COD,0,
O10817,C2032,P1133,Apparel,3357.42,20,2025-05-08,7,COD,1,Wrong size ordered
O10818,C2092,P1221,Home Goods,10341.59,10,2025-07-04,6,card,1,Changed my mind after purchase
O10819,C2105,P1168,Home Goods,3481.16,0,2025-09-20,4,COD,1,Item arrived damaged
O10820,C2259,P1077,Footwear,1284.1,5,2025-06-25,1,card,0,
O10821,C2265,P1201,Home Goods,10272.95,0,2026-04-01,6,card,0,
O10822,C2160,P1134,Apparel,1007.89,25,2025-12-27,2,wallet,0,
O10823,C2022,P1061,Electronics,26378.95,0,2025-05-26,2,card,0,
O10824,C2068,P1155,Apparel,3511.07,10,2026-01-03,3,UPI,0,
O10825,C2133,P1098,Footwear,1981.05,10,2025-06-17,8,UPI,1,Material quality lower than expected
O10826,C2346,P1109,Footwear,2229.49,25,2025-05-27,3,wallet,0,
O10827,C2356,P1166,Home Goods,7901.54,0,2026-01-17,4,UPI,0,
O10828,C2261,P1155,Apparel,3901.19,0,2025-06-07,2,UPI,0,
O10829,C2126,P1020,Electronics,10319.46,0,2026-06-29,8,card,0,
O10830,C2033,P1085,Footwear,5765.68,10,2026-01-07,7,card,0,
O10831,C2140,P1003,Electronics,12755.34,0,2025-08-16,2,UPI,1,Item stopped working after a few days
O10832,C2089,P1135,Apparel,1334.08,15,2025-11-10,1,card,0,
O10833,C2292,P1222,Home Goods,5460.78,0,2025-10-05,2,UPI,0,
O10834,C2087,P1082,Footwear,2074.63,25,2026-02-03,6,wallet,0,
O10835,C2282,P1153,Apparel,1667.87,25,2026-02-17,8,UPI,1,Wrong size ordered
O10836,C2351,P1132,Apparel,3349.23,15,2025-05-10,6,card,0,
O10837,C2327,P1095,Footwear,5123.9,15,2025-09-13,6,wallet,0,
O10838,C2234,P1047,Electronics,34067.33,5,2025-12-29,5,card,0,
O10839,C2367,P1209,Home Goods,5744.67,0,2025-03-31,2,COD,0,
O10840,C2160,P1217,Home Goods,10330.88,0,2025-03-23,5,card,0,
O10841,C2043,P1191,Home Goods,8282.97,0,2026-05-20,5,COD,1,Stopped working after light use
O10842,C2346,P1131,Apparel,1840.49,25,2025-05-20,1,netbanking,0,
O10843,C2357,P1032,Electronics,15180.34,5,2025-07-14,4,COD,0,
O10844,C2365,P1109,Footwear,2526.75,15,2025-12-20,4,netbanking,0,
O10845,C2270,P1176,Home Goods,6014.65,10,2026-04-05,8,netbanking,0,
O10846,C2391,P1135,Apparel,1177.12,25,2025-06-29,8,UPI,0,
O10847,C2216,P1127,Apparel,3232.19,5,2026-01-18,6,netbanking,0,
O10848,C2347,P1064,Electronics,22590.67,20,2025-05-01,3,card,1,Changed my mind after purchase
O10849,C2291,P1101,Footwear,5589.0,0,2025-11-09,6,COD,0,
O10850,C2263,P1212,Home Goods,1814.15,25,2026-04-20,7,card,1,Stopped working after light use
O10851,C2168,P1077,Footwear,1284.1,5,2025-01-06,1,card,0,
O10852,C2205,P1091,Footwear,3072.08,0,2026-03-18,3,UPI,0,
O10853,C2063,P1125,Apparel,592.51,0,2025-09-14,4,card,0,
O10854,C2153,P1094,Footwear,6332.62,5,2025-07-06,2,netbanking,0,
O10855,C2224,P1042,Electronics,25892.96,0,2026-03-21,4,card,0,
O10856,C2363,P1051,Electronics,43774.54,0,2025-10-19,6,wallet,0,
O10857,C2082,P1171,Home Goods,7569.63,0,2026-05-06,5,netbanking,0,
O10858,C2060,P1108,Footwear,6454.91,5,2026-05-23,5,card,0,
O10859,C2204,P1129,Apparel,2169.12,15,2026-02-03,1,card,0,
O10860,C2405,P1006,Electronics,30424.83,0,2025-12-19,1,card,0,
O10861,C2175,P1110,Footwear,816.37,30,2025-01-09,4,UPI,0,
O10862,C2248,P1022,Electronics,26884.15,15,2025-09-11,1,card,0,
O10863,C2058,P1222,Home Goods,5460.78,0,2025-09-11,2,wallet,0,
O10864,C2242,P1181,Home Goods,1799.33,20,2025-04-16,3,card,0,
O10865,C2302,P1162,Apparel,2690.83,10,2025-08-23,2,card,0,
O10866,C2140,P1050,Electronics,4814.84,25,2026-03-13,5,COD,0,
O10867,C2268,P1079,Footwear,4562.04,15,2025-08-25,4,card,0,
O10868,C2031,P1131,Apparel,2331.28,5,2025-02-22,3,card,0,
O10869,C2214,P1064,Electronics,28238.34,0,2025-02-18,6,card,1,Changed my mind after purchase
O10870,C2381,P1083,Footwear,4326.28,0,2026-04-29,3,UPI,0,
O10871,C2251,P1094,Footwear,6665.92,0,2025-04-25,7,card,1,Sole started peeling within a week
O10872,C2394,P1221,Home Goods,11490.66,0,2026-01-05,4,COD,0,
O10873,C2190,P1061,Electronics,22422.11,15,2025-08-04,2,UPI,1,Item stopped working after a few days
O10874,C2066,P1162,Apparel,2541.34,15,2025-05-04,10,COD,0,
O10875,C2098,P1181,Home Goods,2136.7,5,2025-04-12,5,card,0,
O10876,C2175,P1078,Footwear,3879.83,15,2025-07-26,3,card,0,
O10877,C2364,P1065,Electronics,25938.85,25,2025-12-22,4,COD,0,
O10878,C2367,P1031,Electronics,28755.55,25,2025-03-11,1,netbanking,0,
O10879,C2085,P1154,Apparel,4070.05,0,2025-05-13,4,card,0,
O10880,C2031,P1204,Home Goods,2384.75,30,2025-07-14,4,wallet,0,
O10881,C2038,P1043,Electronics,15519.99,5,2026-06-06,2,UPI,0,
O10882,C2205,P1156,Apparel,455.77,0,2025-07-08,7,UPI,1,Changed my mind after purchase
O10883,C2233,P1129,Apparel,2169.12,15,2026-06-22,4,card,0,
O10884,C2151,P1182,Home Goods,10236.12,0,2025-05-02,4,card,1,Missing parts/accessories
O10885,C2142,P1035,Electronics,30766.59,0,2025-02-22,5,UPI,0,
O10886,C2421,P1054,Electronics,36551.94,10,2025-01-02,2,netbanking,0,
O10887,C2361,P1141,Apparel,1507.45,0,2025-05-17,1,UPI,0,
O10888,C2166,P1015,Electronics,806.78,10,2025-01-11,5,netbanking,0,
O10889,C2008,P1138,Apparel,3504.21,15,2025-04-19,3,wallet,0,
O10890,C2334,P1066,Electronics,25150.2,25,2025-07-31,5,card,0,
O10891,C2413,P1220,Home Goods,8167.64,15,2025-06-09,3,UPI,0,
O10892,C2222,P1095,Footwear,6028.12,0,2026-05-06,5,card,0,
O10893,C2096,P1146,Apparel,3714.94,5,2025-07-04,5,UPI,1,Fabric quality not as described
O10894,C2090,P1210,Home Goods,4258.81,5,2025-07-12,5,card,0,
O10895,C2206,P1026,Electronics,28319.65,15,2025-05-21,4,wallet,0,
O10896,C2308,P1026,Electronics,31651.38,5,2025-01-22,4,COD,0,
O10897,C2067,P1064,Electronics,22590.67,20,2025-10-02,4,card,0,
O10898,C2006,P1203,Home Goods,8532.36,30,2025-04-19,1,COD,1,Missing parts/accessories
O10899,C2245,P1195,Home Goods,1807.39,10,2026-03-31,3,COD,0,
O10900,C2245,P1040,Electronics,35812.79,0,2025-10-01,3,COD,1,Battery drains too quickly
O10901,C2052,P1131,Apparel,1840.49,25,2026-03-02,3,card,0,
O10902,C2012,P1059,Electronics,15296.87,5,2025-05-31,3,COD,0,
O10903,C2351,P1184,Home Goods,797.47,20,2025-04-26,5,UPI,0,
O10904,C2114,P1027,Electronics,9913.83,30,2025-10-16,2,card,0,
O10905,C2043,P1012,Electronics,27933.12,10,2025-07-02,6,UPI,0,
O10906,C2092,P1174,Home Goods,10770.24,5,2025-11-05,3,COD,0,
O10907,C2255,P1170,Home Goods,8229.25,5,2025-09-29,3,COD,0,
O10908,C2039,P1202,Home Goods,10607.17,0,2025-06-02,4,card,0,
O10909,C2407,P1202,Home Goods,7425.02,30,2025-03-10,3,card,0,
O10910,C2372,P1072,Footwear,1497.58,0,2025-11-27,5,UPI,0,
O10911,C2217,P1124,Apparel,3095.31,15,2026-02-28,4,UPI,0,
O10912,C2070,P1206,Home Goods,3348.78,25,2025-09-09,2,UPI,0,
O10913,C2274,P1211,Home Goods,11620.92,0,2025-03-27,6,UPI,0,
O10914,C2295,P1199,Home Goods,4490.65,15,2025-08-13,4,card,0,
O10915,C2008,P1093,Footwear,4718.2,10,2025-05-17,2,COD,1,Material quality lower than expected
O10916,C2184,P1218,Home Goods,9178.14,20,2025-05-23,4,COD,0,
O10917,C2215,P1063,Electronics,11520.7,0,2025-08-18,5,card,1,Changed my mind after purchase
O10918,C2360,P1037,Electronics,21093.76,5,2025-01-27,3,card,1,Did not match product description
O10919,C2037,P1123,Apparel,1473.81,20,2025-06-11,2,card,0,
O10920,C2040,P1063,Electronics,11520.7,0,2026-03-03,5,wallet,0,
O10921,C2357,P1077,Footwear,1284.1,5,2025-12-12,5,UPI,0,
O10922,C2006,P1074,Footwear,4632.2,0,2025-03-03,4,COD,0,
O10923,C2005,P1102,Footwear,2358.35,20,2026-04-11,4,UPI,0,
O10924,C2292,P1129,Apparel,2551.9,0,2025-08-21,3,netbanking,0,
O10925,C2064,P1191,Home Goods,8282.97,0,2025-02-27,5,card,0,
O10926,C2381,P1144,Apparel,2482.16,10,2025-03-21,5,card,0,
O10927,C2423,P1098,Footwear,2201.17,0,2026-01-16,2,UPI,0,
O10928,C2055,P1027,Electronics,14162.62,0,2025-12-10,6,UPI,1,Did not match product description
O10929,C2005,P1194,Home Goods,9055.89,25,2025-07-12,4,UPI,0,
O10930,C2016,P1062,Electronics,41533.67,0,2025-02-15,1,card,0,
O10931,C2158,P1003,Electronics,8928.74,30,2025-10-17,2,netbanking,0,
O10932,C2161,P1193,Home Goods,5379.1,5,2025-12-31,7,card,0,
O10933,C2379,P1129,Apparel,2551.9,0,2025-06-03,3,card,0,
O10934,C2244,P1151,Apparel,1316.83,20,2025-02-08,4,UPI,0,
O10935,C2047,P1184,Home Goods,996.84,0,2025-08-09,5,COD,0,
O10936,C2393,P1184,Home Goods,996.84,0,2026-05-29,1,wallet,0,
O10937,C2174,P1115,Footwear,2021.87,20,2025-12-14,4,card,0,
O10938,C2220,P1011,Electronics,2769.73,25,2026-02-01,5,UPI,0,
O10939,C2290,P1161,Apparel,1725.3,30,2025-04-10,11,COD,1,Color faded after first wash
O10940,C2280,P1205,Home Goods,8864.01,20,2025-03-31,2,card,0,
O10941,C2034,P1072,Footwear,1347.82,10,2025-12-28,4,card,0,
O10942,C2395,P1118,Apparel,2176.2,0,2026-04-30,8,UPI,0,
O10943,C2063,P1146,Apparel,3714.94,5,2026-01-08,3,COD,0,
O10944,C2438,P1159,Apparel,2696.86,25,2025-05-13,2,UPI,0,
O10945,C2042,P1175,Home Goods,6596.96,5,2026-04-06,5,card,0,
O10946,C2349,P1011,Electronics,3323.67,10,2025-02-28,4,COD,1,Item stopped working after a few days
O10947,C2148,P1097,Footwear,5935.0,0,2026-02-13,2,COD,0,
O10948,C2447,P1119,Apparel,516.29,15,2025-12-24,1,COD,0,
O10949,C2043,P1047,Electronics,30481.3,15,2026-02-11,5,COD,1,Battery drains too quickly
O10950,C2033,P1082,Footwear,2766.17,0,2026-05-13,5,card,0,
O10951,C2279,P1040,Electronics,26859.59,25,2025-05-30,8,UPI,0,
O10952,C2016,P1154,Apparel,3256.04,20,2025-03-05,6,UPI,0,
O10953,C2027,P1055,Electronics,34363.94,20,2026-03-10,3,card,0,
O10954,C2042,P1037,Electronics,22203.96,0,2026-02-19,8,UPI,0,
O10955,C2109,P1172,Home Goods,8575.59,25,2025-07-08,6,COD,1,Stopped working after light use
O10956,C2175,P1193,Home Goods,5662.21,0,2025-07-23,3,UPI,0,
O10957,C2082,P1179,Home Goods,8734.26,5,2026-02-03,6,COD,0,
O10958,C2305,P1051,Electronics,43774.54,0,2025-05-29,1,COD,0,
O10959,C2377,P1188,Home Goods,2585.02,0,2025-06-04,10,COD,0,
O10960,C2255,P1222,Home Goods,5460.78,0,2026-02-21,4,netbanking,0,
O10961,C2438,P1033,Electronics,34601.11,10,2025-04-10,8,card,0,
O10962,C2096,P1108,Footwear,5775.44,15,2025-06-20,3,card,0,
O10963,C2347,P1148,Apparel,1984.02,30,2026-01-15,3,COD,1,Color faded after first wash
O10964,C2257,P1210,Home Goods,3586.37,20,2026-05-27,3,UPI,0,
O10965,C2277,P1110,Footwear,1049.62,10,2025-12-10,2,card,0,
O10966,C2219,P1096,Footwear,3196.66,0,2025-06-16,2,COD,0,
O10967,C2223,P1163,Apparel,2701.14,0,2025-04-12,3,netbanking,0,
O10968,C2053,P1023,Electronics,35869.22,10,2026-02-26,7,UPI,0,
O10969,C2324,P1114,Footwear,2401.44,10,2025-02-03,6,wallet,0,
O10970,C2108,P1058,Electronics,35527.25,20,2026-01-26,7,netbanking,0,
O10971,C2406,P1119,Apparel,577.03,5,2026-02-10,7,card,0,
O10972,C2114,P1130,Apparel,4337.27,0,2025-09-28,2,COD,0,
O10973,C2002,P1107,Footwear,3960.8,0,2025-01-27,8,card,0,
O10974,C2418,P1133,Apparel,3357.42,20,2025-11-22,1,netbanking,0,
O10975,C2200,P1050,Electronics,5777.81,10,2026-02-07,9,COD,0,
O10976,C2295,P1110,Footwear,1166.24,0,2026-02-04,5,COD,0,
O10977,C2223,P1060,Electronics,4884.15,0,2025-05-10,4,UPI,0,
O10978,C2401,P1101,Footwear,4471.2,20,2025-09-24,5,card,1,Wrong size received
O10979,C2223,P1003,Electronics,11479.81,10,2025-06-06,3,card,0,
O10980,C2040,P1147,Apparel,2181.2,5,2025-05-14,7,COD,0,
O10981,C2334,P1057,Electronics,21380.58,0,2025-09-09,4,wallet,0,
O10982,C2193,P1198,Home Goods,12963.52,0,2025-02-22,3,UPI,0,
O10983,C2296,P1222,Home Goods,5460.78,0,2026-04-16,9,COD,1,Missing parts/accessories
O10984,C2144,P1068,Electronics,34361.19,25,2025-04-06,8,COD,1,Item stopped working after a few days
O10985,C2251,P1204,Home Goods,3406.79,0,2025-03-17,6,UPI,0,
O10986,C2107,P1176,Home Goods,6348.79,5,2025-11-18,2,card,0,
O10987,C2091,P1169,Home Goods,2326.34,10,2025-02-02,2,card,0,
O10988,C2177,P1124,Apparel,2549.08,30,2025-01-06,6,COD,1,Wrong size ordered
O10989,C2274,P1006,Electronics,27382.35,10,2025-06-06,7,card,0,
O10990,C2111,P1008,Electronics,14065.21,0,2025-08-14,7,card,0,
O10991,C2102,P1024,Electronics,1868.63,0,2025-10-29,6,UPI,0,
O10992,C2223,P1132,Apparel,2955.2,25,2025-07-17,4,COD,0,
O10993,C2201,P1027,Electronics,12746.36,10,2025-11-16,5,card,0,
O10994,C2369,P1125,Apparel,562.88,5,2026-04-02,1,COD,0,
O10995,C2310,P1099,Footwear,1785.13,5,2025-12-28,6,UPI,0,
O10996,C2032,P1116,Footwear,1266.31,0,2025-02-04,6,UPI,0,
O10997,C2449,P1166,Home Goods,5531.08,30,2026-06-28,4,UPI,1,Missing parts/accessories
O10998,C2414,P1083,Footwear,4109.97,5,2025-07-10,3,wallet,0,
O10999,C2399,P1081,Footwear,3407.46,0,2025-11-23,5,wallet,0,
O11000,C2109,P1120,Apparel,1751.69,10,2025-11-26,6,UPI,0,
O11001,C2269,P1056,Electronics,13285.38,0,2025-10-12,2,wallet,0,
O11002,C2413,P1221,Home Goods,9767.06,15,2026-03-08,3,COD,0,
O11003,C2025,P1206,Home Goods,4241.79,5,2025-02-17,2,netbanking,0,
O11004,C2063,P1116,Footwear,1266.31,0,2025-12-01,3,card,1,Sole started peeling within a week
O11005,C2002,P1119,Apparel,607.4,0,2026-02-17,3,card,0,
O11006,C2270,P1011,Electronics,3692.97,0,2025-01-17,5,COD,0,
O11007,C2140,P1082,Footwear,2351.24,15,2026-02-14,4,card,0,
O11008,C2252,P1157,Apparel,2336.07,0,2025-11-02,3,COD,0,
O11009,C2062,P1216,Home Goods,980.83,5,2025-04-16,2,card,1,Item arrived damaged
O11010,C2071,P1027,Electronics,9913.83,30,2026-03-23,4,wallet,0,
O11011,C2417,P1138,Apparel,2885.82,30,2025-02-23,5,card,0,
O11012,C2056,P1013,Electronics,2435.65,25,2025-03-18,4,COD,0,
O11013,C2357,P1044,Electronics,6875.83,25,2026-04-17,7,card,0,
O11014,C2075,P1193,Home Goods,5095.99,10,2026-02-28,2,UPI,0,
O11015,C2244,P1170,Home Goods,8229.25,5,2025-10-15,2,card,0,
O11016,C2115,P1024,Electronics,1868.63,0,2025-10-31,4,COD,0,
O11017,C2331,P1189,Home Goods,5927.85,20,2025-03-21,2,card,0,
O11018,C2108,P1004,Electronics,33969.45,15,2026-04-25,5,card,0,
O11019,C2302,P1195,Home Goods,1807.39,10,2025-11-17,3,COD,0,
O11020,C2232,P1168,Home Goods,3481.16,0,2026-06-01,5,COD,0,
O11021,C2231,P1159,Apparel,3236.23,10,2026-02-14,5,card,0,
O11022,C2084,P1176,Home Goods,6682.94,0,2025-04-15,7,wallet,0,
O11023,C2235,P1048,Electronics,4191.93,0,2026-05-03,8,wallet,0,
O11024,C2135,P1031,Electronics,28755.55,25,2025-03-28,3,UPI,0,
O11025,C2170,P1014,Electronics,19787.08,5,2026-01-14,5,card,0,
O11026,C2374,P1109,Footwear,2972.65,0,2025-07-13,2,UPI,0,
O11027,C2221,P1028,Electronics,17666.93,15,2025-09-12,6,netbanking,0,
O11028,C2027,P1010,Electronics,5942.06,10,2025-09-02,5,card,0,
O11029,C2366,P1104,Footwear,3214.35,5,2025-04-14,4,card,0,
O11030,C2354,P1069,Electronics,2163.89,5,2025-06-25,4,card,0,
O11031,C2375,P1001,Electronics,13230.33,0,2026-05-31,2,COD,0,
O11032,C2378,P1079,Footwear,4293.69,20,2025-09-02,6,card,0,
O11033,C2233,P1037,Electronics,15542.77,30,2026-05-01,7,UPI,1,Battery drains too quickly
O11034,C2039,P1044,Electronics,7792.6,15,2025-01-10,1,UPI,0,
O11035,C2126,P1121,Apparel,2582.11,0,2025-01-18,1,UPI,0,
O11036,C2427,P1059,Electronics,14491.77,10,2025-06-21,4,card,0,
O11037,C2171,P1116,Footwear,1202.99,5,2025-12-26,1,netbanking,0,
O11038,C2249,P1065,Electronics,32855.88,5,2025-01-14,5,card,0,
O11039,C2339,P1220,Home Goods,7687.19,20,2026-05-11,2,card,0,
O11040,C2372,P1164,Home Goods,1719.29,0,2026-02-25,6,card,0,
O11041,C2125,P1148,Apparel,2409.17,15,2026-03-18,1,UPI,0,
O11042,C2099,P1097,Footwear,5341.5,10,2025-10-08,6,COD,0,
O11043,C2448,P1135,Apparel,1569.5,0,2025-12-24,2,COD,0,
O11044,C2213,P1071,Footwear,716.86,0,2025-02-12,1,COD,1,Color different from photos
O11045,C2290,P1203,Home Goods,9751.26,20,2025-10-23,2,card,1,Missing parts/accessories
O11046,C2238,P1175,Home Goods,6944.17,0,2025-10-24,2,card,0,
O11047,C2409,P1076,Footwear,5389.91,0,2025-02-11,2,card,0,
O11048,C2063,P1014,Electronics,19787.08,5,2025-01-06,1,card,0,
O11049,C2179,P1073,Footwear,2867.74,20,2026-05-30,5,wallet,0,
O11050,C2079,P1023,Electronics,33876.49,15,2025-05-27,5,UPI,1,Received a different model than ordered
O11051,C2016,P1122,Apparel,364.58,25,2025-09-12,4,COD,0,
O11052,C2216,P1103,Footwear,4022.36,30,2025-04-11,8,UPI,1,Color different from photos
O11053,C2347,P1083,Footwear,3461.02,20,2025-05-23,1,wallet,1,Uncomfortable fit
O11054,C2213,P1142,Apparel,824.33,0,2025-11-09,6,UPI,0,
O11055,C2192,P1201,Home Goods,7704.71,25,2026-03-24,5,card,0,
O11056,C2355,P1081,Footwear,3066.71,10,2026-01-02,2,UPI,0,
O11057,C2014,P1144,Apparel,2757.96,0,2026-03-08,4,card,0,
O11058,C2154,P1202,Home Goods,10607.17,0,2026-06-09,2,COD,0,
O11059,C2027,P1194,Home Goods,9659.62,20,2025-05-09,6,UPI,1,Changed my mind after purchase
O11060,C2235,P1215,Home Goods,11335.18,0,2025-02-26,3,card,0,
O11061,C2420,P1075,Footwear,2889.9,10,2025-12-06,10,COD,1,Sole started peeling within a week
O11062,C2345,P1131,Apparel,2085.88,15,2025-02-24,3,UPI,0,
O11063,C2069,P1058,Electronics,33306.79,25,2025-06-08,1,card,0,
O11064,C2003,P1207,Home Goods,10576.79,5,2025-07-25,4,UPI,0,
O11065,C2049,P1064,Electronics,28238.34,0,2026-05-01,4,card,0,
O11066,C2200,P1015,Electronics,672.31,25,2025-11-04,1,COD,0,
O11067,C2279,P1067,Electronics,34640.15,20,2026-03-26,8,COD,0,
O11068,C2221,P1038,Electronics,37657.6,10,2025-07-09,6,card,0,
O11069,C2358,P1140,Apparel,1664.71,0,2026-05-07,7,card,0,
O11070,C2301,P1127,Apparel,3232.19,5,2025-10-09,1,card,0,
O11071,C2217,P1038,Electronics,41841.78,0,2026-04-14,6,card,0,
O11072,C2297,P1078,Footwear,4564.51,0,2026-04-01,9,netbanking,0,
O11073,C2370,P1118,Apparel,2176.2,0,2025-06-12,5,UPI,0,
O11074,C2257,P1054,Electronics,40613.27,0,2026-06-22,3,wallet,0,
O11075,C2368,P1145,Apparel,2944.23,0,2025-05-24,5,card,0,
O11076,C2155,P1101,Footwear,5589.0,0,2026-05-11,2,wallet,0,
O11077,C2259,P1199,Home Goods,4490.65,15,2025-09-23,6,card,0,
O11078,C2297,P1090,Footwear,4732.67,10,2026-02-18,4,wallet,0,
O11079,C2340,P1028,Electronics,19745.39,5,2026-05-03,4,card,0,
O11080,C2395,P1207,Home Goods,8350.09,25,2025-08-31,8,wallet,0,
O11081,C2215,P1017,Electronics,26966.14,0,2025-09-14,7,card,0,
O11082,C2037,P1114,Footwear,2268.03,15,2025-01-31,6,wallet,0,
O11083,C2326,P1147,Apparel,2066.4,10,2025-07-20,3,card,0,
O11084,C2146,P1058,Electronics,44409.06,0,2025-06-15,2,COD,1,Item stopped working after a few days
O11085,C2322,P1172,Home Goods,11434.12,0,2025-02-04,5,COD,0,
O11086,C2184,P1199,Home Goods,5018.96,5,2025-03-15,2,netbanking,0,
O11087,C2270,P1128,Apparel,4023.62,0,2025-08-01,7,UPI,0,
O11088,C2180,P1092,Footwear,1913.6,10,2025-05-22,5,UPI,0,
O11089,C2291,P1021,Electronics,34302.64,0,2026-06-14,2,card,1,Received a different model than ordered
O11090,C2026,P1154,Apparel,3663.05,10,2025-01-24,5,COD,0,
O11091,C2360,P1092,Footwear,2126.22,0,2025-06-11,9,netbanking,1,Sole started peeling within a week
O11092,C2123,P1219,Home Goods,8838.78,10,2026-05-28,3,UPI,0,
O11093,C2298,P1121,Apparel,1936.58,25,2025-09-27,7,wallet,1,Item didn't fit as expected
O11094,C2133,P1052,Electronics,19256.33,0,2025-03-02,6,wallet,0,
O11095,C2339,P1016,Electronics,3065.43,0,2025-03-16,6,COD,0,
O11096,C2312,P1180,Home Goods,10328.6,20,2025-02-06,4,UPI,0,
O11097,C2041,P1142,Apparel,783.11,5,2025-05-13,5,card,1,Wrong size ordered
O11098,C2254,P1130,Apparel,4337.27,0,2025-12-25,2,COD,0,
O11099,C2010,P1015,Electronics,896.42,0,2025-07-20,5,UPI,0,
O11100,C2349,P1176,Home Goods,5680.5,15,2026-05-09,8,wallet,0,
O11101,C2218,P1141,Apparel,1507.45,0,2026-03-25,5,card,0,
O11102,C2188,P1091,Footwear,3072.08,0,2026-03-24,5,card,1,Color different from photos
O11103,C2382,P1193,Home Goods,4246.66,25,2025-02-16,3,netbanking,1,Missing parts/accessories
O11104,C2416,P1015,Electronics,896.42,0,2025-05-10,2,card,0,
O11105,C2125,P1075,Footwear,3211.0,0,2026-02-12,5,UPI,1,Wrong size received
O11106,C2039,P1065,Electronics,25938.85,25,2025-07-30,1,UPI,0,
O11107,C2112,P1114,Footwear,2268.03,15,2026-01-11,4,COD,0,
O11108,C2334,P1063,Electronics,10368.63,10,2025-10-01,3,card,0,
O11109,C2210,P1181,Home Goods,1574.41,30,2026-05-13,6,card,0,
O11110,C2070,P1216,Home Goods,722.72,30,2025-08-25,3,card,0,
O11111,C2403,P1037,Electronics,22203.96,0,2025-08-29,7,wallet,0,
O11112,C2232,P1030,Electronics,10690.62,0,2025-02-04,4,card,0,
O11113,C2030,P1072,Footwear,1198.06,20,2026-01-29,7,UPI,0,
O11114,C2196,P1114,Footwear,2668.27,0,2025-07-30,2,UPI,0,
O11115,C2016,P1139,Apparel,1188.67,15,2025-01-27,6,COD,0,
O11116,C2172,P1213,Home Goods,8284.58,25,2025-08-10,4,COD,0,
O11117,C2218,P1201,Home Goods,8732.01,15,2025-02-28,2,COD,0,
O11118,C2369,P1174,Home Goods,11337.09,0,2026-04-20,1,COD,0,
O11119,C2195,P1120,Apparel,1654.37,15,2025-09-01,6,card,1,Color faded after first wash
O11120,C2043,P1064,Electronics,22590.67,20,2025-10-30,3,UPI,0,
O11121,C2337,P1065,Electronics,27668.11,20,2025-01-13,6,card,0,
O11122,C2164,P1215,Home Goods,11335.18,0,2025-07-03,4,card,1,Doesn't work as advertised
O11123,C2245,P1164,Home Goods,1375.43,20,2025-08-12,4,UPI,0,
O11124,C2040,P1071,Footwear,537.64,25,2025-11-18,6,card,0,
O11125,C2132,P1127,Apparel,3402.31,0,2025-06-28,3,card,0,
O11126,C2025,P1060,Electronics,4884.15,0,2025-02-09,5,UPI,0,
O11127,C2283,P1184,Home Goods,996.84,0,2025-09-23,6,netbanking,1,Doesn't work as advertised
O11128,C2276,P1184,Home Goods,996.84,0,2025-08-29,3,UPI,0,
O11129,C2121,P1053,Electronics,38085.71,0,2026-01-16,5,COD,0,
O11130,C2036,P1165,Home Goods,2545.69,5,2025-10-17,5,COD,0,
O11131,C2208,P1167,Home Goods,11944.3,5,2025-10-29,6,UPI,0,
O11132,C2022,P1075,Footwear,2408.25,25,2025-01-27,5,card,0,
O11133,C2379,P1131,Apparel,1963.18,20,2025-12-19,5,COD,0,
O11134,C2298,P1009,Electronics,23690.6,15,2025-06-03,1,card,1,Received a different model than ordered
O11135,C2289,P1129,Apparel,1786.33,30,2026-03-05,9,UPI,1,Changed my mind after purchase
O11136,C2408,P1014,Electronics,18745.66,10,2026-06-22,2,card,0,
O11137,C2124,P1085,Footwear,6406.31,0,2026-01-06,4,card,0,
O11138,C2059,P1178,Home Goods,8319.05,0,2026-02-24,3,UPI,0,
O11139,C2334,P1124,Apparel,3277.39,10,2026-04-05,6,COD,0,
O11140,C2423,P1212,Home Goods,1693.21,30,2025-09-08,4,UPI,1,Doesn't work as advertised
O11141,C2407,P1074,Footwear,4632.2,0,2025-05-01,2,card,0,
O11142,C2075,P1148,Apparel,2692.6,5,2025-07-22,8,card,1,Color faded after first wash
O11143,C2391,P1142,Apparel,700.68,15,2026-04-27,1,wallet,1,Wrong size ordered
O11144,C2426,P1111,Footwear,6668.14,0,2025-06-20,5,COD,0,
O11145,C2216,P1091,Footwear,3072.08,0,2025-09-05,4,wallet,1,Material quality lower than expected
O11146,C2302,P1156,Apparel,410.19,10,2025-02-16,8,COD,0,
O11147,C2322,P1116,Footwear,1076.36,15,2026-03-23,6,card,0,
O11148,C2068,P1188,Home Goods,2585.02,0,2026-06-06,8,UPI,0,
O11149,C2332,P1117,Apparel,414.79,5,2026-03-26,6,card,0,
O11150,C2143,P1198,Home Goods,12963.52,0,2025-11-01,3,UPI,0,
O11151,C2260,P1217,Home Goods,7748.16,25,2025-10-20,4,card,0,
O11152,C2091,P1037,Electronics,22203.96,0,2025-08-04,2,COD,0,
O11153,C2177,P1073,Footwear,3584.67,0,2025-10-22,5,card,0,
O11154,C2086,P1074,Footwear,3474.15,25,2025-09-23,8,COD,0,
O11155,C2072,P1025,Electronics,2528.23,0,2026-06-05,4,COD,1,Item stopped working after a few days
O11156,C2276,P1138,Apparel,3298.08,20,2025-01-07,1,UPI,0,
O11157,C2292,P1110,Footwear,991.3,15,2026-06-18,4,card,0,
O11158,C2056,P1184,Home Goods,847.31,15,2025-05-03,2,card,0,
O11159,C2142,P1188,Home Goods,2197.27,15,2025-12-29,5,COD,0,
O11160,C2113,P1187,Home Goods,5147.37,0,2025-06-10,2,UPI,0,
O11161,C2397,P1019,Electronics,32711.63,15,2025-11-19,4,COD,1,Item stopped working after a few days
O11162,C2361,P1204,Home Goods,3066.11,10,2025-07-14,6,COD,1,Item arrived damaged
O11163,C2125,P1036,Electronics,10981.5,10,2025-08-14,1,wallet,0,
O11164,C2077,P1125,Apparel,474.01,20,2026-05-24,4,COD,0,
O11165,C2438,P1186,Home Goods,7501.24,15,2025-01-04,5,UPI,0,
O11166,C2312,P1054,Electronics,34521.28,15,2025-02-09,3,UPI,0,
O11167,C2326,P1090,Footwear,4995.59,5,2025-07-04,5,COD,0,
O11168,C2448,P1075,Footwear,2729.35,15,2026-05-17,5,UPI,0,
O11169,C2049,P1057,Electronics,21380.58,0,2025-10-22,2,UPI,0,
O11170,C2126,P1170,Home Goods,8229.25,5,2025-06-30,2,card,0,
O11171,C2360,P1033,Electronics,30756.54,20,2026-05-11,4,COD,0,
O11172,C2307,P1106,Footwear,3003.48,15,2025-01-30,3,COD,0,
O11173,C2031,P1144,Apparel,2206.37,20,2025-09-25,7,wallet,0,
O11174,C2414,P1114,Footwear,2534.86,5,2025-09-24,5,wallet,0,
O11175,C2419,P1012,Electronics,31036.8,0,2026-02-24,3,card,0,
O11176,C2274,P1053,Electronics,30468.57,20,2025-04-23,7,card,0,
O11177,C2010,P1185,Home Goods,7203.88,0,2026-01-24,3,card,0,
O11178,C2180,P1197,Home Goods,8965.55,15,2025-03-06,3,UPI,0,
O11179,C2080,P1215,Home Goods,10201.66,10,2025-08-23,2,card,0,
O11180,C2191,P1085,Footwear,6085.99,5,2025-09-12,5,card,0,
O11181,C2052,P1129,Apparel,2424.3,5,2026-05-12,4,card,0,
O11182,C2012,P1059,Electronics,14491.77,10,2025-09-11,8,COD,0,
O11183,C2205,P1034,Electronics,18293.58,20,2025-10-04,5,COD,1,Did not match product description
O11184,C2369,P1181,Home Goods,1911.79,15,2026-03-02,8,UPI,0,
O11185,C2048,P1189,Home Goods,6668.83,10,2026-02-05,4,card,0,
O11186,C2159,P1201,Home Goods,10272.95,0,2026-06-09,4,UPI,0,
O11187,C2335,P1148,Apparel,2692.6,5,2025-10-26,2,UPI,0,
O11188,C2208,P1144,Apparel,2757.96,0,2025-10-19,6,card,1,Item didn't fit as expected
O11189,C2372,P1101,Footwear,3912.3,30,2025-04-21,3,UPI,0,
O11190,C2012,P1102,Footwear,2358.35,20,2026-04-03,2,UPI,0,
O11191,C2414,P1162,Apparel,2092.87,30,2025-04-08,6,UPI,0,
O11192,C2250,P1152,Apparel,3513.36,0,2025-05-25,1,UPI,0,
O11193,C2389,P1060,Electronics,4884.15,0,2026-05-21,6,card,0,
O11194,C2172,P1214,Home Goods,3791.51,0,2025-11-26,3,COD,0,
O11195,C2107,P1194,Home Goods,10867.07,10,2026-05-16,1,UPI,0,
O11196,C2333,P1061,Electronics,26378.95,0,2026-05-10,1,netbanking,1,Item stopped working after a few days
O11197,C2217,P1180,Home Goods,12910.75,0,2025-05-11,4,COD,0,
O11198,C2383,P1032,Electronics,15979.31,0,2026-03-25,5,COD,0,
O11199,C2320,P1206,Home Goods,4018.54,10,2025-05-24,3,wallet,0,
O11200,C2204,P1003,Electronics,12755.34,0,2026-03-22,8,COD,0,
O11201,C2165,P1158,Apparel,1609.87,25,2025-06-19,4,card,0,
O11202,C2104,P1206,Home Goods,4018.54,10,2026-01-16,2,UPI,0,
O11203,C2382,P1185,Home Goods,5042.72,30,2025-05-19,4,card,0,
O11204,C2242,P1003,Electronics,12755.34,0,2025-07-03,4,netbanking,0,
O11205,C2096,P1052,Electronics,16367.88,15,2026-04-15,5,card,1,Item arrived with a cracked screen
O11206,C2304,P1041,Electronics,23141.65,0,2025-08-20,4,card,0,
O11207,C2444,P1110,Footwear,1049.62,10,2025-11-10,4,UPI,0,
O11208,C2130,P1144,Apparel,2482.16,10,2025-07-27,5,wallet,0,
O11209,C2134,P1145,Apparel,2944.23,0,2026-06-19,5,UPI,0,
O11210,C2169,P1148,Apparel,2267.46,20,2025-10-11,8,UPI,0,
O11211,C2107,P1044,Electronics,9167.77,0,2025-08-26,3,netbanking,1,Did not match product description
O11212,C2075,P1037,Electronics,22203.96,0,2025-01-01,2,card,0,
O11213,C2225,P1109,Footwear,2526.75,15,2025-12-01,8,card,0,
O11214,C2123,P1144,Apparel,2620.06,5,2026-01-30,3,COD,0,
O11215,C2040,P1155,Apparel,3120.95,20,2025-06-20,2,COD,0,
O11216,C2364,P1037,Electronics,17763.17,20,2026-03-29,1,wallet,0,
O11217,C2222,P1167,Home Goods,12572.95,0,2025-01-26,4,COD,0,
O11218,C2394,P1172,Home Goods,11434.12,0,2026-03-11,5,netbanking,0,
O11219,C2195,P1096,Footwear,3196.66,0,2025-01-11,7,card,0,
O11220,C2099,P1002,Electronics,9686.63,10,2025-12-03,6,card,0,
O11221,C2310,P1070,Electronics,30756.15,0,2025-10-09,5,UPI,0,
O11222,C2356,P1181,Home Goods,2249.16,0,2025-02-28,8,COD,0,
O11223,C2311,P1162,Apparel,2840.32,5,2025-06-27,3,UPI,0,
O11224,C2384,P1140,Apparel,1331.77,20,2025-02-09,2,wallet,0,
O11225,C2090,P1218,Home Goods,11472.67,0,2026-03-06,6,COD,1,Stopped working after light use
O11226,C2326,P1182,Home Goods,10236.12,0,2025-04-10,5,COD,0,
O11227,C2377,P1005,Electronics,21693.16,0,2025-11-21,3,COD,1,Did not match product description
O11228,C2369,P1094,Footwear,5999.33,10,2026-02-17,1,card,0,
O11229,C2389,P1129,Apparel,2551.9,0,2025-10-01,6,card,0,
O11230,C2141,P1156,Apparel,455.77,0,2026-06-02,1,COD,0,
O11231,C2159,P1071,Footwear,645.17,10,2025-05-01,6,card,0,
O11232,C2356,P1023,Electronics,35869.22,10,2026-04-20,8,card,1,Battery drains too quickly
O11233,C2302,P1161,Apparel,1725.3,30,2025-06-23,7,COD,1,Color faded after first wash
O11234,C2235,P1021,Electronics,25726.98,25,2025-09-10,3,COD,0,
O11235,C2382,P1194,Home Goods,10263.34,15,2025-11-14,7,card,0,
O11236,C2091,P1072,Footwear,1497.58,0,2025-11-20,1,card,0,
O11237,C2151,P1067,Electronics,36805.16,15,2025-09-28,6,card,0,
O11238,C2186,P1090,Footwear,4206.82,20,2026-06-20,1,COD,1,Sole started peeling within a week
O11239,C2197,P1040,Electronics,32231.51,10,2025-08-04,5,netbanking,0,
O11240,C2330,P1208,Home Goods,7183.63,15,2025-10-23,5,UPI,0,
O11241,C2406,P1069,Electronics,2277.78,0,2025-08-04,7,card,0,
O11242,C2016,P1030,Electronics,9621.56,10,2025-07-10,2,card,0,
O11243,C2337,P1151,Apparel,1234.53,25,2025-11-27,4,wallet,0,
O11244,C2445,P1003,Electronics,12755.34,0,2026-05-02,2,card,0,
O11245,C2156,P1042,Electronics,24598.31,5,2025-07-10,7,COD,0,
O11246,C2315,P1117,Apparel,392.96,10,2026-03-22,4,card,0,
O11247,C2307,P1087,Footwear,3700.46,5,2026-02-15,2,card,0,
O11248,C2449,P1060,Electronics,4151.53,15,2026-06-04,6,card,0,
O11249,C2303,P1008,Electronics,14065.21,0,2025-06-20,5,COD,0,
O11250,C2357,P1135,Apparel,1569.5,0,2025-05-23,5,netbanking,0,
O11251,C2158,P1203,Home Goods,10360.72,15,2025-12-21,5,UPI,0,
O11252,C2000,P1169,Home Goods,2584.82,0,2025-06-26,4,card,0,
O11253,C2046,P1186,Home Goods,8824.99,0,2026-01-19,5,card,0,
O11254,C2051,P1121,Apparel,2323.9,10,2026-02-08,2,wallet,0,
O11255,C2361,P1063,Electronics,9792.6,15,2025-04-09,1,UPI,0,
O11256,C2068,P1103,Footwear,4596.98,20,2025-10-17,6,UPI,0,
O11257,C2036,P1089,Footwear,3792.69,5,2025-01-28,1,card,0,
O11258,C2393,P1061,Electronics,25060.0,5,2025-12-15,4,UPI,0,
O11259,C2039,P1166,Home Goods,7901.54,0,2026-05-27,4,card,0,
O11260,C2222,P1024,Electronics,1868.63,0,2025-07-04,2,UPI,0,
O11261,C2017,P1067,Electronics,30310.13,30,2026-03-08,5,card,0,
O11262,C2264,P1214,Home Goods,3791.51,0,2025-03-26,2,wallet,0,
O11263,C2413,P1004,Electronics,39964.06,0,2025-05-12,7,UPI,0,
O11264,C2232,P1003,Electronics,12117.57,5,2026-02-16,3,UPI,0,
O11265,C2059,P1155,Apparel,3120.95,20,2026-04-07,4,UPI,0,
O11266,C2364,P1086,Footwear,4361.61,20,2026-01-09,5,UPI,0,
O11267,C2445,P1173,Home Goods,10567.01,0,2025-01-08,5,card,0,
O11268,C2302,P1067,Electronics,43300.19,0,2026-04-11,2,card,0,
O11269,C2235,P1094,Footwear,6665.92,0,2026-01-14,5,card,0,
O11270,C2151,P1197,Home Goods,8438.17,20,2025-10-01,5,card,0,
O11271,C2325,P1010,Electronics,5942.06,10,2026-01-01,6,wallet,0,
O11272,C2202,P1064,Electronics,28238.34,0,2025-04-07,5,UPI,0,
O11273,C2176,P1118,Apparel,1849.77,15,2025-09-07,5,COD,0,
O11274,C2375,P1211,Home Goods,10458.83,10,2026-04-15,6,card,0,
O11275,C2370,P1164,Home Goods,1375.43,20,2025-04-14,4,UPI,0,
O11276,C2040,P1087,Footwear,2921.41,25,2025-11-06,4,netbanking,0,
O11277,C2334,P1191,Home Goods,6212.23,25,2026-03-20,4,netbanking,0,
O11278,C2292,P1067,Electronics,30310.13,30,2026-06-11,1,wallet,1,Did not match product description
O11279,C2242,P1056,Electronics,11292.57,15,2026-03-24,3,card,0,
O11280,C2095,P1071,Footwear,645.17,10,2025-02-16,1,wallet,0,
O11281,C2208,P1054,Electronics,40613.27,0,2026-03-01,1,wallet,0,
O11282,C2236,P1154,Apparel,3256.04,20,2025-11-22,5,wallet,0,
O11283,C2313,P1074,Footwear,3937.37,15,2026-04-17,5,UPI,0,
O11284,C2168,P1139,Apparel,1328.52,5,2025-01-13,3,COD,1,Item didn't fit as expected
O11285,C2107,P1137,Apparel,3185.08,15,2026-02-04,6,card,1,Changed my mind after purchase
O11286,C2040,P1162,Apparel,2840.32,5,2025-12-20,7,UPI,0,
O11287,C2384,P1081,Footwear,3237.09,5,2026-04-24,6,card,0,
O11288,C2085,P1160,Apparel,4543.68,5,2026-03-18,1,COD,0,
O11289,C2380,P1126,Apparel,2436.17,30,2026-01-20,6,COD,1,Changed my mind after purchase
O11290,C2435,P1032,Electronics,15979.31,0,2025-08-12,4,card,0,
O11291,C2392,P1200,Home Goods,3954.23,30,2026-02-15,5,UPI,0,
O11292,C2111,P1108,Footwear,5095.98,25,2025-10-13,3,card,0,
O11293,C2324,P1196,Home Goods,8449.62,10,2026-05-30,6,UPI,0,
O11294,C2439,P1104,Footwear,3214.35,5,2026-04-21,3,card,0,
O11295,C2204,P1074,Footwear,4632.2,0,2025-12-09,9,COD,0,
O11296,C2349,P1026,Electronics,31651.38,5,2026-03-05,6,UPI,0,
O11297,C2070,P1157,Apparel,2102.46,10,2025-03-24,4,UPI,0,
O11298,C2011,P1084,Footwear,3099.38,10,2025-06-20,2,card,0,
O11299,C2380,P1154,Apparel,3052.54,25,2026-02-03,3,UPI,0,
O11300,C2435,P1042,Electronics,24598.31,5,2025-09-03,6,COD,0,
O11301,C2150,P1017,Electronics,20224.6,25,2025-07-31,9,UPI,0,
O11302,C2350,P1155,Apparel,3706.13,5,2025-09-05,6,UPI,1,Changed my mind after purchase
O11303,C2428,P1085,Footwear,4804.73,25,2025-06-13,1,card,0,
O11304,C2035,P1002,Electronics,9148.48,15,2026-02-21,9,COD,1,Item arrived with a cracked screen
O11305,C2133,P1184,Home Goods,897.16,10,2025-01-25,1,UPI,0,
O11306,C2030,P1075,Footwear,2568.8,20,2025-02-10,2,UPI,0,
O11307,C2219,P1202,Home Goods,10607.17,0,2025-05-30,7,COD,0,
O11308,C2296,P1193,Home Goods,4529.77,20,2025-06-23,2,card,0,
O11309,C2247,P1054,Electronics,40613.27,0,2025-12-04,6,UPI,1,Changed my mind after purchase
O11310,C2251,P1193,Home Goods,5662.21,0,2025-09-24,2,card,0,
O11311,C2132,P1146,Apparel,3910.46,0,2025-02-06,7,COD,1,Color faded after first wash
O11312,C2013,P1057,Electronics,16035.44,25,2026-01-07,4,wallet,0,
O11313,C2156,P1122,Apparel,413.19,15,2025-10-29,2,card,0,
O11314,C2065,P1038,Electronics,37657.6,10,2026-01-29,4,COD,0,
O11315,C2075,P1150,Apparel,3328.04,0,2026-01-08,6,wallet,0,
O11316,C2264,P1104,Footwear,3214.35,5,2025-06-24,7,UPI,0,
O11317,C2267,P1096,Footwear,3036.83,5,2026-05-12,3,UPI,0,
O11318,C2246,P1045,Electronics,24520.29,5,2026-01-24,9,card,0,
O11319,C2114,P1039,Electronics,16222.65,0,2025-05-03,4,UPI,0,
O11320,C2235,P1146,Apparel,2932.85,25,2025-01-13,6,COD,0,
O11321,C2116,P1190,Home Goods,10553.23,0,2025-02-03,1,UPI,0,
O11322,C2168,P1130,Apparel,4337.27,0,2025-03-23,5,UPI,0,
O11323,C2131,P1205,Home Goods,9418.01,15,2025-09-08,4,card,0,
O11324,C2090,P1011,Electronics,2585.08,30,2025-09-30,3,card,0,
O11325,C2032,P1034,Electronics,20580.27,10,2025-03-04,4,card,0,
O11326,C2389,P1149,Apparel,3852.92,5,2025-04-11,1,card,0,
O11327,C2100,P1123,Apparel,1842.26,0,2025-03-27,3,UPI,1,Changed my mind after purchase
O11328,C2110,P1154,Apparel,3866.55,5,2025-01-10,1,card,0,
O11329,C2398,P1165,Home Goods,2679.67,0,2026-04-13,2,netbanking,0,
O11330,C2208,P1154,Apparel,4070.05,0,2025-06-30,3,card,0,
O11331,C2135,P1137,Apparel,3747.15,0,2025-10-09,6,wallet,0,
O11332,C2320,P1113,Footwear,4743.02,0,2025-07-06,2,netbanking,0,
O11333,C2083,P1046,Electronics,37958.63,0,2026-03-19,4,wallet,1,Item arrived with a cracked screen
O11334,C2175,P1164,Home Goods,1461.4,15,2025-07-07,4,card,0,
O11335,C2156,P1082,Footwear,2351.24,15,2026-04-29,5,card,0,
O11336,C2312,P1054,Electronics,36551.94,10,2025-06-08,3,UPI,1,Received a different model than ordered
O11337,C2312,P1170,Home Goods,8662.37,0,2026-06-13,5,netbanking,0,
O11338,C2403,P1107,Footwear,3168.64,20,2025-10-03,4,COD,0,
O11339,C2189,P1038,Electronics,41841.78,0,2025-12-29,6,COD,0,
O11340,C2157,P1109,Footwear,2675.39,10,2026-03-04,9,card,0,
O11341,C2330,P1207,Home Goods,11133.46,0,2026-04-13,4,COD,1,Missing parts/accessories
O11342,C2106,P1170,Home Goods,7363.01,15,2025-10-29,4,UPI,0,
O11343,C2285,P1144,Apparel,2344.27,15,2025-08-09,4,UPI,0,
O11344,C2140,P1028,Electronics,20784.62,0,2025-06-14,3,wallet,0,
O11345,C2023,P1200,Home Goods,4801.56,15,2026-05-14,6,card,0,
O11346,C2300,P1097,Footwear,5935.0,0,2025-02-27,3,UPI,0,
O11347,C2056,P1121,Apparel,2582.11,0,2025-03-17,3,card,0,
O11348,C2211,P1212,Home Goods,2418.87,0,2025-06-04,2,UPI,0,
O11349,C2167,P1147,Apparel,2066.4,10,2025-09-24,2,UPI,0,
O11350,C2353,P1006,Electronics,30424.83,0,2025-03-11,6,wallet,0,
O11351,C2184,P1198,Home Goods,12315.34,5,2025-08-08,2,card,0,
O11352,C2235,P1093,Footwear,5242.45,0,2025-09-23,4,card,1,Color different from photos
O11353,C2218,P1102,Footwear,2358.35,20,2025-02-19,8,COD,1,Sole started peeling within a week
O11354,C2191,P1005,Electronics,19523.84,10,2025-02-02,8,card,0,
O11355,C2144,P1148,Apparel,2834.32,0,2025-03-10,3,wallet,0,
O11356,C2285,P1200,Home Goods,5648.9,0,2025-06-12,5,card,0,
O11357,C2312,P1167,Home Goods,8801.07,30,2025-03-16,1,COD,0,
O11358,C2141,P1120,Apparel,1849.0,5,2025-06-05,3,UPI,0,
O11359,C2270,P1200,Home Goods,4801.56,15,2026-03-19,3,COD,0,
O11360,C2150,P1002,Electronics,9686.63,10,2026-02-04,6,UPI,0,
O11361,C2114,P1150,Apparel,2828.83,15,2025-12-01,4,UPI,0,
O11362,C2102,P1198,Home Goods,10370.82,20,2025-12-30,7,UPI,0,
O11363,C2075,P1053,Electronics,38085.71,0,2025-04-14,2,card,0,
O11364,C2432,P1011,Electronics,2954.38,20,2025-12-23,6,card,0,
O11365,C2106,P1052,Electronics,19256.33,0,2026-03-11,3,netbanking,0,
O11366,C2111,P1198,Home Goods,12315.34,5,2025-05-21,8,card,0,
O11367,C2013,P1114,Footwear,2134.62,20,2025-08-02,1,UPI,0,
O11368,C2204,P1051,Electronics,43774.54,0,2026-01-25,3,netbanking,0,
O11369,C2296,P1186,Home Goods,7942.49,10,2025-06-16,3,COD,1,Stopped working after light use
O11370,C2379,P1155,Apparel,3706.13,5,2025-11-21,3,card,0,
O11371,C2244,P1066,Electronics,30180.24,10,2026-04-13,5,card,0,
O11372,C2215,P1103,Footwear,4022.36,30,2025-04-13,1,COD,0,
O11373,C2434,P1167,Home Goods,12572.95,0,2025-03-28,8,wallet,0,
O11374,C2448,P1121,Apparel,2582.11,0,2025-10-09,3,card,0,
O11375,C2090,P1145,Apparel,2944.23,0,2026-06-16,1,card,0,
O11376,C2390,P1010,Electronics,6602.29,0,2025-08-03,6,UPI,0,
O11377,C2080,P1108,Footwear,6794.64,0,2026-06-16,2,netbanking,0,
O11378,C2414,P1172,Home Goods,11434.12,0,2025-04-23,4,card,0,
O11379,C2191,P1216,Home Goods,1032.45,0,2025-11-25,3,card,1,Item arrived damaged
O11380,C2240,P1009,Electronics,23690.6,15,2025-05-28,5,UPI,0,
O11381,C2268,P1044,Electronics,9167.77,0,2025-01-16,4,card,0,
O11382,C2214,P1017,Electronics,26966.14,0,2026-05-03,2,COD,0,
O11383,C2438,P1155,Apparel,3120.95,20,2025-01-01,5,card,0,
O11384,C2131,P1033,Electronics,38445.68,0,2026-01-10,7,card,0,
O11385,C2425,P1219,Home Goods,8838.78,10,2025-05-09,3,card,0,
O11386,C2073,P1058,Electronics,37747.7,15,2025-04-08,4,UPI,0,
O11387,C2128,P1048,Electronics,3563.14,15,2025-11-05,2,card,0,
O11388,C2342,P1152,Apparel,3162.02,10,2025-10-01,4,UPI,0,
O11389,C2296,P1189,Home Goods,5557.36,25,2025-02-05,3,wallet,0,
O11390,C2323,P1013,Electronics,2598.03,20,2025-07-06,7,COD,1,Item arrived with a cracked screen
O11391,C2165,P1003,Electronics,11479.81,10,2026-05-11,4,COD,1,Did not match product description
O11392,C2207,P1116,Footwear,886.42,30,2026-04-10,2,card,0,
O11393,C2393,P1132,Apparel,2955.2,25,2025-12-12,2,netbanking,1,Color faded after first wash
O11394,C2413,P1125,Apparel,474.01,20,2026-04-13,2,card,0,
O11395,C2032,P1201,Home Goods,9759.3,5,2025-01-27,1,netbanking,0,
O11396,C2116,P1118,Apparel,1740.96,20,2025-05-04,2,COD,0,
O11397,C2223,P1142,Apparel,577.03,30,2025-03-26,3,netbanking,0,
O11398,C2093,P1102,Footwear,2358.35,20,2026-06-08,5,card,1,Material quality lower than expected
O11399,C2269,P1154,Apparel,3256.04,20,2026-06-28,8,UPI,0,
O11400,C2185,P1139,Apparel,1398.44,0,2026-06-28,5,wallet,0,
O11401,C2439,P1159,Apparel,3595.81,0,2025-06-05,5,UPI,0,
O11402,C2217,P1220,Home Goods,9608.99,0,2025-02-20,9,card,0,
O11403,C2215,P1122,Apparel,461.8,5,2025-05-20,3,wallet,0,
O11404,C2038,P1065,Electronics,29397.37,15,2025-11-16,5,UPI,1,Item arrived with a cracked screen
O11405,C2071,P1037,Electronics,21093.76,5,2025-06-14,7,COD,0,
O11406,C2124,P1101,Footwear,4471.2,20,2026-03-06,3,COD,1,Material quality lower than expected
O11407,C2071,P1103,Footwear,5746.23,0,2025-06-05,5,card,0,
O11408,C2141,P1195,Home Goods,2008.21,0,2025-05-01,1,COD,0,
O11409,C2118,P1170,Home Goods,8229.25,5,2025-05-08,4,UPI,0,
O11410,C2078,P1019,Electronics,28863.2,25,2025-12-16,8,card,0,
O11411,C2130,P1029,Electronics,40745.62,10,2026-03-13,1,UPI,0,
O11412,C2354,P1222,Home Goods,4368.62,20,2025-10-26,4,netbanking,0,
O11413,C2306,P1222,Home Goods,5187.74,5,2026-05-22,5,COD,0,
O11414,C2215,P1015,Electronics,806.78,10,2025-10-14,6,COD,0,
O11415,C2168,P1108,Footwear,5775.44,15,2025-09-15,1,netbanking,1,Wrong size received
O11416,C2365,P1207,Home Goods,10576.79,5,2026-05-22,4,card,0,
O11417,C2423,P1182,Home Goods,9724.31,5,2026-01-20,6,UPI,0,
O11418,C2341,P1098,Footwear,2201.17,0,2025-04-21,1,netbanking,0,
O11419,C2060,P1196,Home Goods,9388.47,0,2026-03-08,2,COD,0,
O11420,C2020,P1089,Footwear,3593.08,10,2026-03-27,6,UPI,0,
O11421,C2416,P1207,Home Goods,10020.11,10,2026-03-19,2,wallet,1,Changed my mind after purchase
O11422,C2092,P1007,Electronics,35748.76,10,2025-12-03,8,COD,0,
O11423,C2434,P1065,Electronics,32855.88,5,2025-12-19,7,UPI,0,
O11424,C2141,P1115,Footwear,2021.87,20,2025-11-29,1,card,0,
O11425,C2107,P1143,Apparel,1098.66,20,2025-11-26,6,wallet,0,
O11426,C2399,P1209,Home Goods,5744.67,0,2026-05-27,5,UPI,0,
O11427,C2428,P1059,Electronics,16101.97,0,2025-11-10,2,card,0,
O11428,C2327,P1104,Footwear,3383.53,0,2026-05-25,2,card,0,
O11429,C2248,P1090,Footwear,5258.52,0,2026-03-25,1,COD,0,
O11430,C2086,P1083,Footwear,4326.28,0,2025-07-14,1,wallet,0,
O11431,C2387,P1144,Apparel,2482.16,10,2026-02-12,2,UPI,1,Wrong size ordered
O11432,C2046,P1183,Home Goods,6392.32,10,2026-02-19,5,card,0,
O11433,C2068,P1099,Footwear,1879.08,0,2025-10-28,3,UPI,0,
O11434,C2165,P1058,Electronics,42188.61,5,2025-02-11,4,netbanking,1,Received a different model than ordered
O11435,C2426,P1178,Home Goods,5823.33,30,2025-09-09,5,COD,0,
O11436,C2415,P1056,Electronics,13285.38,0,2025-10-31,4,UPI,0,
O11437,C2212,P1143,Apparel,1235.99,10,2025-07-16,4,UPI,0,
O11438,C2297,P1103,Footwear,5171.61,10,2026-02-01,4,netbanking,0,
O11439,C2134,P1111,Footwear,6334.73,5,2025-08-29,1,card,0,
O11440,C2354,P1035,Electronics,30766.59,0,2025-09-10,5,card,0,
O11441,C2259,P1182,Home Goods,9724.31,5,2025-11-18,1,card,0,
O11442,C2116,P1185,Home Goods,7203.88,0,2025-08-18,1,card,0,
O11443,C2254,P1152,Apparel,3337.69,5,2025-06-25,5,card,0,
O11444,C2332,P1015,Electronics,672.31,25,2026-05-04,5,wallet,1,Changed my mind after purchase
O11445,C2141,P1146,Apparel,3910.46,0,2025-01-29,3,wallet,0,
O11446,C2360,P1196,Home Goods,7041.35,25,2026-02-10,5,UPI,0,
O11447,C2169,P1060,Electronics,4395.73,10,2026-06-05,6,COD,1,Did not match product description
O11448,C2348,P1151,Apparel,1646.04,0,2025-01-07,5,COD,0,
O11449,C2396,P1019,Electronics,34635.84,10,2026-06-27,4,UPI,1,Received a different model than ordered
O11450,C2127,P1154,Apparel,3256.04,20,2025-07-03,4,COD,0,
O11451,C2169,P1023,Electronics,39854.69,0,2026-02-18,4,UPI,0,
O11452,C2198,P1207,Home Goods,10576.79,5,2026-05-01,5,card,0,
O11453,C2362,P1111,Footwear,5001.11,25,2026-05-27,6,card,0,
O11454,C2102,P1059,Electronics,15296.87,5,2025-03-25,2,UPI,1,Did not match product description
O11455,C2031,P1143,Apparel,1373.32,0,2026-01-18,7,card,1,Changed my mind after purchase
O11456,C2006,P1002,Electronics,10762.92,0,2025-11-10,9,UPI,0,
O11457,C2088,P1049,Electronics,33421.99,10,2026-05-26,5,card,0,
O11458,C2176,P1025,Electronics,1896.17,25,2025-06-08,2,COD,0,
O11459,C2395,P1046,Electronics,34162.77,10,2026-04-01,2,card,1,Did not match product description
O11460,C2406,P1031,Electronics,30672.58,20,2025-11-16,5,wallet,0,
O11461,C2085,P1026,Electronics,31651.38,5,2025-06-08,4,netbanking,0,
O11462,C2232,P1169,Home Goods,2326.34,10,2026-02-03,5,wallet,1,Missing parts/accessories
O11463,C2187,P1037,Electronics,22203.96,0,2026-05-18,1,card,0,
O11464,C2183,P1016,Electronics,2299.07,25,2026-05-07,6,wallet,0,
O11465,C2050,P1218,Home Goods,10325.4,10,2025-11-25,1,COD,0,
O11466,C2359,P1137,Apparel,3372.43,10,2025-07-25,4,COD,0,
O11467,C2320,P1110,Footwear,1107.93,5,2026-01-22,5,card,1,Wrong size received
O11468,C2164,P1144,Apparel,2620.06,5,2026-02-03,2,COD,0,
O11469,C2357,P1015,Electronics,806.78,10,2025-02-12,10,card,1,Did not match product description
O11470,C2382,P1147,Apparel,2066.4,10,2025-11-18,4,card,0,
O11471,C2096,P1091,Footwear,2150.46,30,2025-02-23,1,COD,0,
O11472,C2222,P1190,Home Goods,9497.91,10,2025-07-02,1,card,0,
O11473,C2234,P1048,Electronics,3143.95,25,2025-11-24,4,card,1,Received a different model than ordered
O11474,C2292,P1164,Home Goods,1547.36,10,2025-02-16,5,wallet,0,
O11475,C2002,P1062,Electronics,35303.62,15,2025-12-05,3,netbanking,0,
O11476,C2423,P1059,Electronics,15296.87,5,2026-02-16,5,card,0,
O11477,C2216,P1175,Home Goods,6249.75,10,2025-11-14,4,card,0,
O11478,C2377,P1070,Electronics,29218.34,5,2025-01-11,2,card,0,
O11479,C2418,P1200,Home Goods,5366.45,5,2025-01-11,5,UPI,0,
O11480,C2356,P1197,Home Goods,10020.32,5,2025-08-17,5,card,0,
O11481,C2034,P1047,Electronics,32274.31,10,2025-06-21,4,COD,0,
O11482,C2348,P1184,Home Goods,747.63,25,2026-02-12,4,COD,0,
O11483,C2389,P1031,Electronics,36423.69,5,2025-07-26,6,netbanking,0,
O11484,C2254,P1052,Electronics,19256.33,0,2025-02-06,3,card,0,
O11485,C2094,P1022,Electronics,26884.15,15,2025-03-11,4,card,0,
O11486,C2224,P1190,Home Goods,10553.23,0,2025-02-12,3,netbanking,0,
O11487,C2371,P1082,Footwear,2766.17,0,2025-01-15,2,COD,0,
O11488,C2128,P1045,Electronics,24520.29,5,2025-07-25,5,UPI,0,
O11489,C2258,P1017,Electronics,26966.14,0,2025-07-19,4,card,0,
O11490,C2012,P1113,Footwear,4743.02,0,2025-09-09,3,card,0,
O11491,C2162,P1015,Electronics,896.42,0,2025-03-08,3,UPI,0,
O11492,C2316,P1185,Home Goods,7203.88,0,2025-11-26,3,card,0,
O11493,C2195,P1001,Electronics,11907.3,10,2026-02-01,5,COD,1,Received a different model than ordered
O11494,C2390,P1161,Apparel,2464.71,0,2025-03-17,8,UPI,0,
O11495,C2197,P1073,Footwear,3046.97,15,2026-02-01,5,UPI,0,
O11496,C2349,P1126,Apparel,3132.22,10,2025-12-20,7,UPI,0,
O11497,C2232,P1138,Apparel,3091.95,25,2025-08-18,4,card,0,
O11498,C2089,P1100,Footwear,3966.68,30,2025-06-14,4,COD,1,Color different from photos
O11499,C2210,P1182,Home Goods,7677.09,25,2025-08-21,4,netbanking,1,Doesn't work as advertised
